EmployeeID,Age,Gender,Department,JobRole,MonthlyIncome,OverTime,DistanceFromHome,YearsAtCompany,PerformanceRating,WorkLifeBalance,Attrition
EMP00001,58,Male,HR,Senior Manager,15145,No,11,17,3,1,No
EMP00002,50,Female,Sales,Manager,10135,Yes,34,15,3,1,Yes
EMP00003,40,Female,Finance,Analyst,6571,No,13,4,3,1,No
EMP00004,23,Female,Sales,Executive,4427,No,41,0,4,3,No
EMP00005,32,Female,IT,Developer,11063,No,14,1,4,3,No
EMP00006,29,Male,Marketing,Executive,5983,No,21,2,3,3,No
EMP00007,30,Male,Finance,Analyst,4522,No,20,0,3,4,No
EMP00008,29,Male,IT,Developer,6169,Yes,28,1,3,3,No
EMP00009,36,Male,Sales,Executive,6203,No,22,5,3,3,No
EMP00010,28,Male,Finance,Analyst,7690,Yes,5,7,3,2,Yes
EMP00011,23,Female,Marketing,Executive,4369,No,24,0,3,4,No
EMP00012,22,Male,HR,Analyst,4538,No,4,1,2,3,No
EMP00013,38,Male,HR,Specialist,7692,No,8,3,3,3,No
EMP00014,40,Female,HR,Specialist,6763,No,12,4,3,3,No
EMP00015,38,Female,Sales,Executive,6263,No,32,1,2,4,No
EMP00016,41,Male,Finance,Analyst,7403,No,7,1,2,4,No
EMP00017,32,Male,HR,Executive,7236,No,10,0,3,4,No
EMP00018,37,Female,Sales,Executive,7259,Yes,19,3,3,3,No
EMP00019,42,Female,IT,Developer,5782,Yes,23,5,1,2,Yes
EMP00020,32,Male,IT,Specialist,6649,No,13,0,3,3,Yes
EMP00021,27,Male,Sales,Executive,7229,No,17,1,3,3,No
EMP00022,25,Female,HR,Analyst,5208,No,12,0,4,3,No
EMP00023,50,Male,IT,Manager,10518,No,13,13,3,3,No
EMP00024,25,Male,IT,Developer,9498,No,15,0,3,4,No
EMP00025,39,Female,Marketing,Specialist,6889,Yes,18,0,2,1,Yes
EMP00026,35,Female,Finance,Analyst,5992,No,15,3,3,1,No
EMP00027,38,Male,Sales,Executive,5828,No,10,0,3,2,Yes
EMP00028,29,Male,Marketing,Executive,6783,Yes,15,0,2,1,No
EMP00029,50,Female,Finance,Manager,10275,No,10,8,3,3,No
EMP00030,25,Female,IT,Developer,10426,Yes,4,0,1,1,Yes
EMP00031,39,Female,Finance,Specialist,7261,No,27,3,4,4,No
EMP00032,22,Male,IT,Analyst,7019,No,17,1,4,3,No
EMP00033,22,Female,Marketing,Executive,7353,No,9,1,3,1,No
EMP00034,43,Female,IT,Developer,8075,No,12,5,3,3,No
EMP00035,25,Female,Marketing,Executive,5302,No,19,0,3,4,No
EMP00036,41,Female,IT,Analyst,7993,Yes,11,3,4,2,No
EMP00037,56,Male,Marketing,Senior Manager,19530,Yes,15,19,2,4,No
EMP00038,28,Female,IT,Analyst,8484,Yes,16,0,4,3,No
EMP00039,43,Female,HR,Manager,15353,Yes,19,13,2,4,No
EMP00040,29,Male,IT,Developer,12290,No,7,4,3,3,No
EMP00041,34,Female,HR,Analyst,6219,No,23,2,3,3,No
EMP00042,23,Male,IT,Developer,7065,No,15,2,3,4,No
EMP00043,22,Male,Marketing,Executive,6196,No,12,0,3,2,No
EMP00044,27,Male,IT,Developer,12118,No,17,3,3,3,No
EMP00045,47,Male,HR,Manager,13346,No,14,15,3,4,No
EMP00046,59,Male,IT,Senior Manager,22918,No,15,20,3,4,No
EMP00047,42,Female,Marketing,Specialist,6309,No,3,4,3,3,No
EMP00048,24,Male,Marketing,Executive,5867,No,45,1,3,2,No
EMP00049,25,Male,IT,Specialist,8899,No,15,4,3,3,No
EMP00050,24,Male,IT,Specialist,8526,No,25,0,2,4,No
EMP00051,23,Male,HR,Analyst,7039,No,17,1,3,3,No
EMP00052,26,Female,IT,Developer,6682,Yes,12,0,2,2,No
EMP00053,42,Male,Finance,Analyst,7016,No,22,6,3,3,No
EMP00054,33,Male,IT,Developer,11669,Yes,23,2,2,2,Yes
EMP00055,45,Male,IT,Developer,9240,No,17,4,3,1,No
EMP00056,45,Female,IT,Developer,8143,Yes,5,3,2,4,No
EMP00057,34,Female,HR,Executive,5679,No,17,0,3,3,No
EMP00058,53,Male,Finance,Manager,13986,No,8,17,4,2,No
EMP00059,24,Female,Sales,Analyst,6598,No,17,0,3,3,No
EMP00060,36,Male,Finance,Executive,5967,No,9,2,3,2,No
EMP00061,35,Female,Marketing,Executive,5130,No,12,3,2,3,No
EMP00062,34,Male,IT,Analyst,7238,Yes,12,0,3,2,Yes
EMP00063,44,Female,Finance,Specialist,8488,No,18,3,2,4,No
EMP00064,26,Male,Finance,Analyst,5617,No,10,4,3,3,No
EMP00065,30,Female,Finance,Manager,14803,No,16,5,3,4,No
EMP00066,28,Female,IT,Analyst,7422,No,38,0,4,4,No
EMP00067,27,Female,HR,Specialist,7625,No,10,1,2,4,No
EMP00068,27,Male,IT,Developer,8869,No,31,3,3,4,Yes
EMP00069,45,Female,IT,Developer,9183,No,16,10,3,1,No
EMP00070,33,Female,Finance,Manager,14763,Yes,29,2,2,1,No
EMP00071,30,Male,Marketing,Manager,10184,No,50,5,2,3,No
EMP00072,41,Female,Finance,Analyst,6916,No,4,5,3,2,No
EMP00073,28,Male,Finance,Analyst,5162,Yes,26,0,2,2,Yes
EMP00074,57,Male,IT,Senior Manager,18739,Yes,13,16,2,3,No
EMP00075,46,Male,Sales,Manager,9996,No,7,10,3,3,No
EMP00076,26,Male,IT,Developer,6736,No,12,1,3,3,No
EMP00077,29,Male,Marketing,Analyst,4682,Yes,21,2,2,3,No
EMP00078,23,Male,Sales,Executive,6819,No,29,0,4,2,No
EMP00079,32,Male,IT,Developer,6201,Yes,2,3,3,2,No
EMP00080,34,Male,IT,Developer,11510,Yes,8,7,2,4,No
EMP00081,35,Female,Marketing,Analyst,6640,Yes,50,5,3,3,No
EMP00082,34,Male,Sales,Executive,6419,No,14,0,3,2,No
EMP00083,43,Male,IT,Developer,5928,Yes,36,8,2,4,No
EMP00084,24,Male,IT,Developer,6739,No,15,3,3,3,No
EMP00085,26,Male,HR,Specialist,9272,No,2,0,2,4,No
EMP00086,46,Female,Sales,Senior Manager,21852,Yes,15,12,3,3,No
EMP00087,35,Male,Marketing,Specialist,9579,Yes,10,3,4,3,Yes
EMP00088,37,Female,Sales,Executive,7112,No,19,1,3,3,No
EMP00089,34,Male,IT,Analyst,7467,Yes,4,5,2,3,No
EMP00090,39,Male,HR,Analyst,8079,Yes,31,10,3,2,No
EMP00091,33,Female,IT,Developer,7709,No,11,0,3,3,No
EMP00092,31,Female,Finance,Manager,9391,No,21,3,4,3,No
EMP00093,38,Female,IT,Developer,11537,No,9,4,3,3,No
EMP00094,26,Male,IT,Developer,10476,No,18,4,2,3,No
EMP00095,42,Male,HR,Senior Manager,14799,No,50,9,4,3,No
EMP00096,34,Female,Marketing,Executive,4421,Yes,9,0,3,3,No
EMP00097,41,Female,HR,Analyst,8683,Yes,32,3,2,3,No
EMP00098,30,Male,HR,Analyst,8080,No,1,0,3,1,No
EMP00099,26,Female,Finance,Analyst,7441,No,11,0,4,2,No
EMP00100,50,Female,Sales,Senior Manager,19266,No,9,14,3,3,No
EMP00101,24,Female,IT,Specialist,5845,Yes,4,3,2,3,Yes
EMP00102,54,Male,Marketing,Manager,10088,No,10,12,2,4,No
EMP00103,35,Female,IT,Developer,9586,No,4,1,3,4,No
EMP00104,25,Male,IT,Specialist,6643,No,15,2,3,3,No
EMP00105,39,Male,Sales,Executive,7276,No,17,4,1,3,No
EMP00106,25,Male,IT,Specialist,6231,No,3,0,3,3,No
EMP00107,32,Male,Marketing,Analyst,5593,No,11,0,3,3,No
EMP00108,22,Male,IT,Analyst,5783,No,7,0,3,3,No
EMP00109,38,Male,Sales,Executive,4457,Yes,36,4,3,2,No
EMP00110,52,Female,Sales,Senior Manager,18582,Yes,17,9,2,3,No
EMP00111,29,Male,Sales,Executive,5086,No,9,0,3,3,No
EMP00112,45,Female,HR,Specialist,8371,Yes,15,0,3,2,No
EMP00113,24,Male,Sales,Specialist,7330,Yes,10,0,3,2,Yes
EMP00114,23,Female,HR,Executive,4144,No,15,0,3,3,No
EMP00115,57,Female,Finance,Senior Manager,17982,No,31,20,3,3,No
EMP00116,33,Female,Finance,Analyst,5220,No,5,2,3,3,Yes
EMP00117,32,Female,HR,Specialist,7278,Yes,3,1,2,3,Yes
EMP00118,57,Male,IT,Senior Manager,20898,No,13,16,3,3,No
EMP00119,37,Male,IT,Developer,11990,No,20,7,2,3,No
EMP00120,31,Female,HR,Specialist,6824,No,3,0,3,2,No
EMP00121,35,Male,HR,Analyst,6874,No,4,6,4,3,No
EMP00122,26,Female,IT,Developer,11898,No,14,1,3,3,No
EMP00123,32,Male,Marketing,Executive,6577,No,29,0,3,4,No
EMP00124,23,Male,Finance,Analyst,4992,Yes,14,0,2,2,No
EMP00125,39,Male,Marketing,Executive,7496,Yes,14,2,3,3,No
EMP00126,34,Male,Sales,Executive,4610,No,7,3,3,2,No
EMP00127,38,Male,IT,Senior Manager,22022,No,13,9,4,3,No
EMP00128,30,Male,Finance,Manager,14049,No,19,8,3,2,No
EMP00129,38,Female,IT,Developer,10890,Yes,8,6,3,4,No
EMP00130,52,Male,Marketing,Manager,13206,No,14,12,3,3,No
EMP00131,24,Male,Finance,Specialist,6069,No,36,0,3,3,No
EMP00132,33,Female,Sales,Executive,4666,No,12,4,3,3,No
EMP00133,32,Female,HR,Executive,4026,No,11,0,2,4,No
EMP00134,37,Male,HR,Analyst,6803,No,14,4,2,3,No
EMP00135,48,Male,HR,Senior Manager,15802,No,8,15,3,2,No
EMP00136,44,Female,IT,Developer,9512,Yes,18,6,3,4,No
EMP00137,31,Male,Marketing,Analyst,8230,No,22,2,3,3,Yes
EMP00138,22,Female,Marketing,Analyst,6196,Yes,19,0,3,2,Yes
EMP00139,32,Male,Finance,Analyst,5471,No,12,1,2,3,No
EMP00140,39,Male,IT,Developer,6051,Yes,17,10,4,3,No
EMP00141,30,Male,Marketing,Executive,5296,Yes,8,4,2,3,No
EMP00142,39,Male,Finance,Executive,6483,Yes,4,2,3,2,No
EMP00143,44,Female,IT,Developer,9521,No,19,5,3,2,No
EMP00144,35,Male,Finance,Specialist,9491,No,6,1,1,3,Yes
EMP00145,41,Female,Marketing,Analyst,7162,Yes,8,3,3,3,No
EMP00146,24,Male,IT,Developer,8040,Yes,14,1,3,4,No
EMP00147,36,Female,Sales,Analyst,8469,No,14,0,4,4,Yes
EMP00148,32,Female,Finance,Specialist,6555,Yes,9,2,3,4,Yes
EMP00149,36,Female,IT,Developer,6507,No,8,2,3,3,No
EMP00150,37,Male,IT,Developer,12325,No,12,6,3,3,No
EMP00151,23,Male,Sales,Executive,6326,Yes,7,1,2,3,No
EMP00152,30,Female,Finance,Analyst,7692,Yes,19,1,3,2,No
EMP00153,25,Male,Finance,Analyst,6608,No,3,0,3,4,No
EMP00154,25,Female,HR,Specialist,5602,No,17,0,2,3,No
EMP00155,50,Male,Finance,Manager,16364,No,5,15,3,4,No
EMP00156,42,Male,IT,Developer,7309,No,18,4,3,4,No
EMP00157,30,Male,Marketing,Analyst,7485,No,21,4,4,3,No
EMP00158,29,Female,Finance,Executive,4794,No,26,0,4,3,No
EMP00159,22,Male,Marketing,Analyst,4788,Yes,6,0,3,3,No
EMP00160,26,Female,Finance,Analyst,6913,No,12,4,3,4,No
EMP00161,36,Female,IT,Analyst,5365,Yes,31,1,3,1,Yes
EMP00162,31,Female,HR,Specialist,5689,No,13,4,2,1,Yes
EMP00163,29,Male,Sales,Executive,5645,No,19,3,2,2,No
EMP00164,28,Female,Sales,Executive,7019,No,23,1,3,3,No
EMP00165,32,Female,Sales,Executive,4943,No,8,0,2,4,No
EMP00166,32,Male,Finance,Analyst,7653,No,6,2,2,3,No
EMP00167,38,Female,IT,Developer,11121,No,10,4,4,3,No
EMP00168,25,Male,Marketing,Specialist,6705,No,12,2,1,3,No
EMP00169,48,Male,IT,Senior Manager,21866,No,15,13,3,3,No
EMP00170,27,Female,Finance,Analyst,6150,No,28,0,3,3,Yes
EMP00171,41,Female,Marketing,Analyst,6851,No,26,2,3,3,No
EMP00172,27,Male,Finance,Analyst,5425,No,1,2,3,3,No
EMP00173,36,Male,Sales,Analyst,8697,No,5,3,3,2,No
EMP00174,38,Male,IT,Manager,17030,Yes,17,11,3,3,No
EMP00175,42,Female,Sales,Specialist,9676,Yes,26,6,2,3,No
EMP00176,26,Male,IT,Developer,5824,No,14,0,2,2,No
EMP00177,26,Male,Finance,Developer,5632,Yes,6,1,4,2,Yes
EMP00178,38,Male,IT,Manager,12810,Yes,14,4,3,4,Yes
EMP00179,36,Male,IT,Executive,7087,Yes,18,0,3,4,No
EMP00180,40,Male,HR,Specialist,7428,No,2,6,2,2,No
EMP00181,46,Male,Finance,Manager,17500,No,26,13,3,3,No
EMP00182,34,Male,IT,Manager,15620,No,9,0,3,3,No
EMP00183,31,Male,HR,Executive,7780,No,13,6,3,4,No
EMP00184,41,Male,Marketing,Analyst,6456,No,19,3,1,2,No
EMP00185,49,Male,Finance,Manager,13135,No,29,10,3,2,No
EMP00186,30,Male,HR,Analyst,8061,No,27,6,3,2,No
EMP00187,26,Female,Finance,Specialist,5898,No,10,3,1,3,No
EMP00188,35,Female,IT,Manager,11777,No,8,6,2,3,No
EMP00189,60,Male,Marketing,Senior Manager,15498,Yes,7,18,2,2,No
EMP00190,28,Female,IT,Developer,7905,No,17,6,3,3,No
EMP00191,55,Male,IT,Manager,10610,No,10,13,4,3,No
EMP00192,38,Male,Sales,Executive,7546,No,29,2,3,3,Yes
EMP00193,30,Female,Finance,Analyst,5491,No,10,3,3,3,No
EMP00194,38,Female,Sales,Manager,11515,No,27,8,3,2,No
EMP00195,30,Male,IT,Developer,10801,No,5,1,3,1,No
EMP00196,35,Female,Marketing,Analyst,7905,Yes,16,3,3,2,No
EMP00197,36,Female,IT,Developer,6039,Yes,10,2,3,2,Yes
EMP00198,35,Female,Finance,Analyst,8392,Yes,38,5,2,3,No
EMP00199,39,Male,IT,Executive,5157,Yes,23,7,3,3,Yes
EMP00200,30,Male,Sales,Manager,11386,Yes,12,0,4,3,No
EMP00201,25,Female,Marketing,Executive,6283,No,1,0,3,3,No
EMP00202,38,Female,Finance,Analyst,8325,No,9,3,3,3,No
EMP00203,42,Female,IT,Developer,5757,Yes,3,5,1,2,No
EMP00204,33,Male,IT,Specialist,7004,Yes,11,4,2,2,No
EMP00205,40,Male,IT,Manager,16374,Yes,8,7,3,4,No
EMP00206,22,Female,Marketing,Analyst,5530,Yes,14,0,3,2,Yes
EMP00207,41,Male,IT,Developer,11988,No,48,7,3,3,No
EMP00208,34,Female,Finance,Executive,7171,No,22,2,4,2,No
EMP00209,33,Male,Finance,Analyst,6918,Yes,2,2,3,2,No
EMP00210,32,Female,HR,Executive,5202,No,7,6,3,4,No
EMP00211,52,Female,Marketing,Manager,12990,No,2,15,3,3,No
EMP00212,23,Male,IT,Developer,5665,No,9,0,3,2,No
EMP00213,27,Male,IT,Developer,9568,No,14,4,2,4,No
EMP00214,50,Male,Finance,Senior Manager,14660,No,12,13,1,4,No
EMP00215,27,Male,Finance,Developer,11365,No,15,1,4,3,No
EMP00216,38,Female,IT,Developer,7122,Yes,2,10,3,3,No
EMP00217,33,Female,HR,Analyst,6840,Yes,9,3,4,2,No
EMP00218,24,Female,Sales,Analyst,6832,No,24,1,3,1,No
EMP00219,23,Male,Sales,Executive,7101,Yes,39,1,2,3,Yes
EMP00220,46,Male,Marketing,Manager,10428,No,20,10,3,3,No
EMP00221,32,Male,Sales,Executive,6592,No,21,1,3,3,No
EMP00222,32,Female,Finance,Specialist,6082,No,25,0,1,4,No
EMP00223,45,Male,Marketing,Specialist,8701,Yes,25,9,3,3,No
EMP00224,36,Male,IT,Analyst,5005,Yes,3,6,3,3,Yes
EMP00225,46,Female,HR,Specialist,7053,No,13,4,3,2,No
EMP00226,56,Female,Sales,Senior Manager,15006,No,15,12,3,2,No
EMP00227,24,Male,IT,Developer,11725,Yes,8,2,3,3,No
EMP00228,40,Male,IT,Executive,4643,No,4,6,3,3,No
EMP00229,35,Female,Marketing,Analyst,5713,No,11,0,2,4,Yes
EMP00230,24,Female,IT,Developer,5900,No,6,1,1,3,Yes
EMP00231,39,Male,Marketing,Analyst,8262,Yes,9,0,3,2,No
EMP00232,47,Female,Finance,Manager,16599,No,25,10,2,3,No
EMP00233,45,Male,IT,Developer,12533,No,29,8,3,3,Yes
EMP00234,33,Male,IT,Specialist,6895,No,5,3,2,3,No
EMP00235,34,Female,Sales,Analyst,8217,Yes,10,5,3,4,No
EMP00236,23,Male,Marketing,Executive,4511,No,11,2,2,3,No
EMP00237,32,Male,Sales,Executive,4390,No,11,0,3,1,No
EMP00238,26,Male,IT,Developer,11389,Yes,28,0,4,1,Yes
EMP00239,39,Male,Finance,Specialist,9768,Yes,35,5,3,3,No
EMP00240,42,Male,Finance,Analyst,5695,No,6,7,3,3,No
EMP00241,40,Male,Finance,Manager,11744,No,28,8,4,3,No
EMP00242,33,Female,Sales,Executive,7488,Yes,15,2,2,2,No
EMP00243,34,Male,HR,Executive,4720,No,14,4,4,3,No
EMP00244,35,Female,Sales,Executive,7353,No,11,0,3,3,No
EMP00245,39,Male,Sales,Analyst,6334,No,15,0,3,4,No
EMP00246,39,Female,IT,Analyst,8476,Yes,20,2,4,3,Yes
EMP00247,39,Female,Sales,Executive,6228,No,15,1,3,4,No
EMP00248,39,Female,Finance,Senior Manager,22012,No,17,8,2,3,No
EMP00249,59,Female,HR,Senior Manager,22467,No,17,20,3,1,No
EMP00250,37,Female,HR,Analyst,4691,No,6,2,2,3,No
EMP00251,54,Male,Marketing,Manager,12875,No,31,12,4,3,No
EMP00252,43,Male,HR,Specialist,8883,No,36,1,4,1,No
EMP00253,24,Female,HR,Specialist,6321,No,11,1,3,3,No
EMP00254,30,Male,HR,Specialist,8648,No,24,2,2,3,No
EMP00255,36,Male,IT,Developer,8357,No,21,3,3,3,No
EMP00256,38,Female,Sales,Executive,5488,Yes,16,0,3,1,Yes
EMP00257,31,Male,Sales,Executive,4035,No,8,0,2,2,No
EMP00258,32,Male,IT,Specialist,6465,Yes,27,2,3,2,Yes
EMP00259,36,Male,HR,Manager,13616,Yes,7,8,3,3,Yes
EMP00260,38,Male,HR,Analyst,5914,No,3,5,2,3,No
EMP00261,24,Male,Finance,Developer,8705,No,25,3,3,4,No
EMP00262,36,Male,HR,Specialist,5936,Yes,5,5,3,3,No
EMP00263,26,Male,IT,Developer,8126,Yes,23,2,1,3,Yes
EMP00264,41,Female,IT,Developer,9375,No,40,5,3,2,No
EMP00265,39,Female,Sales,Specialist,6457,No,6,3,3,3,No
EMP00266,40,Female,HR,Executive,4570,Yes,21,0,3,2,Yes
EMP00267,43,Male,IT,Manager,11951,Yes,20,5,3,1,No
EMP00268,42,Male,HR,Developer,7174,No,33,7,2,3,No
EMP00269,32,Male,HR,Developer,10461,No,6,2,3,3,No
EMP00270,37,Male,HR,Analyst,7549,Yes,46,5,2,4,Yes
EMP00271,41,Male,IT,Developer,7701,Yes,29,8,3,3,No
EMP00272,25,Female,Sales,Executive,4898,No,5,4,3,3,No
EMP00273,34,Male,Marketing,Analyst,6301,No,19,0,3,2,No
EMP00274,55,Female,Sales,Senior Manager,23364,Yes,28,14,4,3,No
EMP00275,39,Male,HR,Developer,10780,Yes,19,9,3,1,Yes
EMP00276,35,Female,HR,Analyst,4750,No,6,0,3,3,No
EMP00277,43,Male,HR,Senior Manager,16794,No,1,10,3,3,No
EMP00278,39,Female,IT,Developer,9287,Yes,22,4,4,3,No
EMP00279,33,Female,IT,Developer,9096,No,18,5,3,3,No
EMP00280,36,Male,IT,Specialist,5421,No,16,4,3,3,No
EMP00281,31,Male,Finance,Analyst,8336,No,23,1,3,1,No
EMP00282,43,Female,IT,Developer,10822,Yes,14,6,3,3,No
EMP00283,38,Female,IT,Developer,11554,Yes,26,4,2,4,No
EMP00284,32,Female,Marketing,Manager,11902,Yes,10,0,3,3,No
EMP00285,43,Male,IT,Developer,10172,No,4,0,1,2,No
EMP00286,40,Female,HR,Analyst,5519,No,3,3,3,3,No
EMP00287,46,Male,Finance,Senior Manager,18483,No,41,13,2,3,No
EMP00288,45,Male,Finance,Manager,16990,No,22,11,4,3,No
EMP00289,40,Male,IT,Specialist,9653,No,26,5,3,4,No
EMP00290,45,Male,Sales,Specialist,8718,No,17,7,3,3,No
EMP00291,24,Female,IT,Developer,8195,No,13,1,1,3,No
EMP00292,36,Male,HR,Analyst,6774,No,15,2,3,4,No
EMP00293,40,Male,Finance,Senior Manager,15940,No,8,8,3,3,No
EMP00294,34,Female,HR,Specialist,8951,No,33,3,2,1,No
EMP00295,38,Female,IT,Developer,10386,No,5,0,3,3,No
EMP00296,38,Male,Sales,Analyst,5666,No,33,3,3,4,No
EMP00297,38,Male,IT,Developer,6978,Yes,7,3,4,3,No
EMP00298,33,Male,Marketing,Analyst,6275,No,12,0,3,3,No
EMP00299,42,Female,HR,Analyst,7570,Yes,3,5,3,3,Yes
EMP00300,26,Female,Finance,Analyst,7611,Yes,11,2,3,4,No
EMP00301,37,Female,Finance,Executive,5131,No,10,0,4,4,Yes
EMP00302,27,Female,Marketing,Analyst,4997,No,28,3,4,4,No
EMP00303,38,Male,HR,Analyst,8411,No,10,1,2,3,No
EMP00304,38,Male,IT,Analyst,7912,Yes,17,6,3,4,No
EMP00305,40,Female,IT,Executive,5814,No,4,6,4,4,No
EMP00306,40,Male,Sales,Executive,5640,No,12,2,3,4,Yes
EMP00307,45,Female,IT,Developer,12250,No,15,8,2,3,Yes
EMP00308,31,Female,Finance,Specialist,8239,No,25,1,1,4,No
EMP00309,45,Female,Marketing,Specialist,8538,No,18,7,3,4,No
EMP00310,33,Female,Marketing,Analyst,6014,Yes,12,2,3,4,Yes
EMP00311,34,Female,Sales,Executive,7476,No,29,1,2,2,No
EMP00312,31,Male,IT,Specialist,9307,No,10,1,3,3,No
EMP00313,24,Female,IT,Developer,5962,Yes,11,0,2,2,Yes
EMP00314,45,Male,HR,Senior Manager,14928,Yes,9,8,2,1,No
EMP00315,35,Female,IT,Developer,6001,Yes,10,2,4,2,No
EMP00316,36,Male,IT,Developer,11068,Yes,15,4,3,2,No
EMP00317,31,Male,HR,Analyst,8288,Yes,4,8,3,3,No
EMP00318,52,Female,IT,Manager,15714,No,10,7,3,3,No
EMP00319,29,Male,IT,Developer,6461,No,17,4,3,4,No
EMP00320,36,Female,IT,Specialist,7729,No,4,2,3,3,No
EMP00321,24,Male,Sales,Executive,4842,Yes,8,2,4,3,Yes
EMP00322,25,Male,IT,Developer,11582,Yes,19,3,4,1,No
EMP00323,25,Male,Marketing,Executive,4130,No,19,4,2,3,Yes
EMP00324,39,Male,HR,Analyst,8692,No,21,6,3,1,Yes
EMP00325,45,Female,IT,Specialist,7323,No,28,7,1,2,Yes
EMP00326,30,Male,Marketing,Executive,5639,No,16,0,4,4,Yes
EMP00327,39,Female,Marketing,Specialist,6166,Yes,8,2,3,2,No
EMP00328,34,Male,Finance,Specialist,7800,No,16,4,3,4,No
EMP00329,41,Male,IT,Developer,8982,No,7,1,4,3,No
EMP00330,40,Female,Marketing,Analyst,5269,No,32,0,3,4,No
EMP00331,39,Male,IT,Developer,10736,No,8,8,3,3,No
EMP00332,45,Female,Sales,Manager,13046,Yes,9,9,3,2,No
EMP00333,53,Male,Sales,Manager,13379,No,23,11,4,4,No
EMP00334,33,Female,Finance,Analyst,8215,No,21,4,3,3,No
EMP00335,23,Male,HR,Analyst,5280,No,29,1,3,3,No
EMP00336,42,Male,IT,Developer,10599,No,2,4,1,2,No
EMP00337,24,Male,Sales,Executive,6127,No,11,3,1,4,No
EMP00338,26,Female,Marketing,Analyst,5094,No,34,3,3,3,No
EMP00339,30,Male,Marketing,Analyst,4738,No,8,3,1,3,No
EMP00340,47,Male,Finance,Senior Manager,17661,No,12,11,3,4,No
EMP00341,38,Male,Finance,Analyst,6218,No,4,6,3,4,No
EMP00342,27,Female,Finance,Analyst,7275,Yes,40,1,3,2,Yes
EMP00343,35,Female,Sales,Executive,6957,Yes,14,0,1,3,No
EMP00344,37,Female,Marketing,Analyst,4687,No,24,0,3,4,No
EMP00345,36,Male,Sales,Executive,5470,Yes,16,2,3,2,No
EMP00346,36,Female,Sales,Executive,6613,No,17,1,4,3,No
EMP00347,40,Female,IT,Developer,5919,No,4,3,3,1,No
EMP00348,27,Female,Finance,Analyst,5505,No,50,0,3,3,Yes
EMP00349,38,Male,Finance,Analyst,7287,No,7,0,3,3,No
EMP00350,35,Male,IT,Developer,12033,Yes,37,1,2,4,Yes
EMP00351,36,Male,Sales,Executive,5969,No,9,5,3,4,No
EMP00352,32,Female,Finance,Specialist,5361,Yes,8,3,3,4,Yes
EMP00353,23,Male,Finance,Analyst,8206,No,2,0,3,1,No
EMP00354,34,Female,IT,Developer,8244,No,50,6,2,3,No
EMP00355,32,Male,HR,Analyst,8031,No,20,5,2,3,No
EMP00356,45,Male,Sales,Manager,12049,No,17,8,3,3,No
EMP00357,26,Female,Finance,Analyst,7661,Yes,9,2,3,3,No
EMP00358,23,Male,HR,Analyst,5274,No,19,0,3,2,No
EMP00359,41,Male,Marketing,Analyst,7365,No,5,3,3,3,No
EMP00360,31,Male,IT,Analyst,6571,Yes,9,1,3,3,No
EMP00361,33,Female,Finance,Specialist,6924,No,28,0,4,3,No
EMP00362,36,Female,HR,Executive,7029,Yes,6,3,3,4,No
EMP00363,32,Male,IT,Analyst,8355,Yes,5,0,3,4,No
EMP00364,36,Male,Marketing,Executive,4243,Yes,26,1,3,2,Yes
EMP00365,41,Male,IT,Manager,9857,No,18,9,3,3,No
EMP00366,36,Female,IT,Developer,8345,No,4,4,3,3,No
EMP00367,33,Female,Sales,Analyst,5225,No,3,3,3,3,No
EMP00368,28,Male,HR,Specialist,8234,No,11,4,3,3,No
EMP00369,34,Female,IT,Developer,11784,No,13,3,3,3,No
EMP00370,40,Female,Finance,Analyst,6374,No,15,7,2,3,No
EMP00371,28,Male,Finance,Analyst,6681,No,16,1,3,4,No
EMP00372,42,Male,IT,Developer,6468,No,28,2,3,3,No
EMP00373,45,Female,Sales,Specialist,8995,Yes,27,8,3,2,No
EMP00374,40,Male,Marketing,Executive,6319,Yes,8,9,2,3,No
EMP00375,32,Male,Marketing,Analyst,7373,Yes,8,2,3,4,No
EMP00376,28,Female,Marketing,Executive,4665,No,47,0,3,4,No
EMP00377,44,Male,IT,Developer,10449,Yes,15,7,3,3,Yes
EMP00378,40,Male,Sales,Executive,4477,Yes,7,3,4,3,Yes
EMP00379,42,Female,Marketing,Analyst,5087,No,7,9,3,4,No
EMP00380,40,Male,IT,Developer,6324,Yes,5,0,3,2,Yes
EMP00381,30,Male,Marketing,Executive,5855,No,5,0,2,2,No
EMP00382,25,Female,Finance,Executive,5158,No,50,1,2,3,Yes
EMP00383,55,Female,IT,Manager,10976,No,12,14,2,3,No
EMP00384,27,Male,IT,Developer,9669,Yes,9,2,1,2,No
EMP00385,29,Female,IT,Developer,9396,No,12,0,2,3,No
EMP00386,47,Male,HR,Manager,10235,No,1,10,2,4,No
EMP00387,39,Male,IT,Developer,9215,Yes,14,0,3,2,No
EMP00388,36,Female,HR,Analyst,5112,No,19,1,4,4,No
EMP00389,36,Female,Finance,Analyst,6523,Yes,14,0,4,3,Yes
EMP00390,27,Female,Finance,Analyst,7789,No,1,0,3,3,No
EMP00391,55,Male,Marketing,Manager,16013,No,27,17,4,2,No
EMP00392,40,Male,Sales,Executive,5365,No,39,5,1,4,No
EMP00393,53,Male,Finance,Senior Manager,15492,No,4,13,2,3,No
EMP00394,45,Female,IT,Developer,11179,No,19,7,2,3,No
EMP00395,59,Male,Sales,Senior Manager,16523,No,24,17,3,2,No
EMP00396,40,Male,Marketing,Senior Manager,18096,No,28,7,3,4,No
EMP00397,42,Female,Marketing,Analyst,6685,Yes,2,9,3,3,No
EMP00398,44,Female,IT,Manager,10616,No,46,6,3,1,No
EMP00399,29,Male,IT,Specialist,6799,No,4,6,2,3,No
EMP00400,38,Male,Sales,Manager,10773,No,23,6,2,3,No
EMP00401,22,Male,Marketing,Analyst,4866,No,1,0,4,2,Yes
EMP00402,54,Male,Finance,Manager,12558,No,18,16,3,3,No
EMP00403,39,Male,Sales,Analyst,6000,No,3,6,2,2,No
EMP00404,30,Male,Sales,Executive,6411,No,9,6,3,3,No
EMP00405,38,Female,IT,Specialist,8367,No,5,6,1,3,No
EMP00406,31,Female,Finance,Analyst,8190,No,5,4,3,3,No
EMP00407,28,Male,IT,Analyst,4951,No,23,3,2,3,No
EMP00408,28,Male,IT,Analyst,7028,No,5,0,3,3,Yes
EMP00409,37,Male,HR,Analyst,7872,No,8,2,2,3,No
EMP00410,37,Female,Sales,Analyst,6702,Yes,6,5,4,2,No
EMP00411,54,Female,HR,Manager,16736,Yes,9,11,3,2,Yes
EMP00412,33,Male,IT,Developer,11543,Yes,12,5,3,3,No
EMP00413,31,Female,IT,Developer,12199,No,15,3,3,3,No
EMP00414,44,Female,Sales,Senior Manager,17635,Yes,15,9,3,3,No
EMP00415,25,Female,IT,Developer,10435,Yes,18,4,3,4,Yes
EMP00416,35,Female,HR,Analyst,6037,Yes,24,5,3,3,Yes
EMP00417,41,Female,IT,Analyst,6837,No,3,3,3,3,No
EMP00418,28,Female,IT,Developer,5910,Yes,3,0,3,3,Yes
EMP00419,46,Female,Marketing,Manager,9994,No,7,9,3,3,No
EMP00420,40,Female,Finance,Analyst,4501,No,9,0,3,2,No
EMP00421,22,Male,Marketing,Analyst,5777,Yes,5,1,3,3,Yes
EMP00422,39,Male,Sales,Specialist,6535,No,6,6,3,3,No
EMP00423,41,Female,Sales,Specialist,9828,No,6,5,4,4,No
EMP00424,38,Male,Finance,Specialist,7143,No,8,6,1,3,Yes
EMP00425,40,Male,Finance,Analyst,6511,Yes,8,6,4,3,No
EMP00426,37,Female,HR,Executive,6481,No,27,0,4,3,No
EMP00427,40,Male,IT,Developer,6790,No,6,1,2,4,No
EMP00428,45,Male,Sales,Manager,10594,No,10,10,4,3,No
EMP00429,43,Male,Marketing,Manager,13734,Yes,6,9,3,3,No
EMP00430,27,Female,Sales,Executive,6884,Yes,7,2,3,3,No
EMP00431,23,Female,Marketing,Analyst,7554,Yes,13,0,3,3,Yes
EMP00432,28,Male,IT,Analyst,8114,No,4,1,3,2,No
EMP00433,40,Female,Finance,Specialist,7028,No,22,2,3,3,No
EMP00434,41,Female,HR,Specialist,7696,No,1,10,3,2,No
EMP00435,45,Female,HR,Manager,11626,No,8,11,1,3,No
EMP00436,43,Male,Finance,Developer,9502,No,5,4,3,2,No
EMP00437,36,Female,Finance,Specialist,6786,No,7,6,3,3,No
EMP00438,36,Female,Finance,Analyst,5581,No,13,5,3,3,No
EMP00439,40,Female,IT,Analyst,6830,No,8,1,3,3,No
EMP00440,51,Female,Finance,Senior Manager,20050,Yes,10,17,2,3,No
EMP00441,42,Female,IT,Developer,7195,No,3,9,3,3,No
EMP00442,48,Male,HR,Senior Manager,20592,No,50,14,3,3,No
EMP00443,36,Male,Finance,Analyst,6021,No,17,4,4,3,No
EMP00444,48,Female,IT,Manager,12212,No,10,9,3,3,No
EMP00445,50,Male,IT,Manager,10386,No,10,10,2,3,No
EMP00446,38,Male,Sales,Executive,5953,No,19,3,3,3,No
EMP00447,46,Male,HR,Specialist,6609,Yes,8,9,3,3,No
EMP00448,25,Female,HR,Analyst,6885,Yes,17,1,3,3,Yes
EMP00449,32,Male,HR,Analyst,5045,No,8,0,3,3,No
EMP00450,35,Female,Marketing,Specialist,6824,No,13,5,3,1,No
EMP00451,28,Male,Finance,Developer,9312,No,6,3,3,3,No
EMP00452,42,Male,IT,Developer,11294,Yes,13,4,2,3,No
EMP00453,28,Male,Finance,Analyst,6252,No,8,0,3,3,No
EMP00454,34,Female,IT,Developer,7004,Yes,21,0,3,3,No
EMP00455,44,Female,IT,Developer,7237,Yes,6,12,3,2,No
EMP00456,30,Male,IT,Developer,9208,No,12,1,2,3,No
EMP00457,29,Female,Sales,Executive,6717,No,14,2,3,3,No
EMP00458,36,Male,IT,Manager,14667,No,6,3,3,2,No
EMP00459,37,Female,Finance,Analyst,5554,No,9,1,3,4,No
EMP00460,35,Female,Finance,Specialist,7286,No,23,5,3,2,No
EMP00461,39,Female,Sales,Specialist,9005,Yes,42,5,3,4,No
EMP00462,36,Female,Finance,Analyst,4755,No,5,0,3,3,No
EMP00463,25,Female,IT,Developer,9662,No,16,0,3,3,No
EMP00464,31,Male,Finance,Analyst,8591,No,6,6,2,4,No
EMP00465,38,Female,Marketing,Executive,5186,No,11,0,3,4,No
EMP00466,38,Male,IT,Specialist,9631,No,24,3,3,4,No
EMP00467,34,Female,IT,Developer,8797,No,22,3,3,2,No
EMP00468,46,Male,Sales,Specialist,6079,Yes,8,8,3,3,No
EMP00469,25,Female,Sales,Executive,5164,No,3,3,3,4,No
EMP00470,50,Male,IT,Senior Manager,14981,No,7,14,3,2,No
EMP00471,38,Female,HR,Executive,4076,No,12,0,3,1,Yes
EMP00472,22,Female,Sales,Analyst,6774,No,24,0,3,4,No
EMP00473,35,Male,Sales,Manager,11389,No,15,5,3,3,No
EMP00474,30,Female,Marketing,Analyst,6290,No,8,0,2,4,No
EMP00475,44,Male,Finance,Specialist,7872,No,10,5,3,3,No
EMP00476,44,Female,IT,Senior Manager,19366,No,13,11,2,3,No
EMP00477,33,Female,IT,Executive,4645,No,15,5,3,3,No
EMP00478,30,Male,HR,Specialist,7300,No,14,0,2,3,No
EMP00479,28,Female,Marketing,Executive,5446,Yes,19,2,2,3,Yes
EMP00480,28,Female,Marketing,Executive,7383,No,16,0,3,3,No
EMP00481,22,Male,HR,Analyst,7489,Yes,14,0,3,3,No
EMP00482,38,Female,Marketing,Executive,4962,No,22,3,3,2,No
EMP00483,35,Female,HR,Specialist,8546,No,7,7,2,2,No
EMP00484,23,Male,Finance,Analyst,5455,Yes,7,0,3,2,No
EMP00485,25,Male,Marketing,Developer,5942,No,22,0,3,4,No
EMP00486,46,Female,IT,Manager,14418,No,7,9,2,2,Yes
EMP00487,25,Female,IT,Developer,10226,No,21,0,4,2,Yes
EMP00488,24,Female,Sales,Executive,4912,No,6,0,3,3,No
EMP00489,28,Male,IT,Developer,6842,No,4,3,2,4,No
EMP00490,29,Female,HR,Specialist,6358,No,5,0,3,4,No
EMP00491,41,Male,HR,Specialist,8505,Yes,2,10,2,3,Yes
EMP00492,24,Female,Finance,Analyst,6454,No,4,0,3,2,No
EMP00493,34,Female,Sales,Executive,4306,Yes,9,4,4,3,No
EMP00494,32,Female,HR,Specialist,9269,No,11,1,3,3,No
EMP00495,38,Female,Sales,Senior Manager,21349,No,18,5,2,3,No
EMP00496,32,Female,IT,Manager,11076,Yes,14,7,4,3,No
EMP00497,41,Female,IT,Senior Manager,18862,Yes,12,8,3,3,No
EMP00498,31,Female,HR,Specialist,6701,No,18,3,4,3,No
EMP00499,29,Female,IT,Specialist,8775,No,16,0,2,4,No
EMP00500,37,Female,HR,Specialist,6971,No,6,0,3,2,No
EMP00501,30,Male,Finance,Analyst,7987,Yes,14,2,3,2,No
EMP00502,40,Female,Finance,Analyst,5630,No,25,2,3,3,No
EMP00503,23,Female,IT,Developer,6099,No,4,2,3,4,No
EMP00504,26,Male,HR,Executive,5740,No,9,0,2,4,No
EMP00505,34,Female,Marketing,Analyst,8290,Yes,18,2,4,2,No
EMP00506,23,Female,Finance,Analyst,6875,No,9,0,4,3,No
EMP00507,29,Male,IT,Developer,11449,Yes,21,0,4,3,No
EMP00508,24,Female,Sales,Executive,5104,Yes,31,1,2,3,No
EMP00509,25,Male,Finance,Analyst,5447,Yes,10,0,2,1,No
EMP00510,38,Male,Finance,Analyst,8128,No,18,1,4,4,No
EMP00511,40,Female,Sales,Analyst,5438,No,11,1,2,2,No
EMP00512,32,Female,HR,Analyst,5407,No,6,5,3,4,No
EMP00513,33,Female,HR,Specialist,5332,No,5,5,2,3,No
EMP00514,34,Male,Sales,Executive,6173,No,38,3,2,4,No
EMP00515,47,Female,IT,Senior Manager,15631,Yes,10,10,3,2,No
EMP00516,56,Male,Finance,Senior Manager,16239,No,8,16,2,2,No
EMP00517,43,Female,IT,Manager,13472,Yes,15,11,3,3,No
EMP00518,24,Male,Sales,Executive,5661,No,32,0,4,3,No
EMP00519,25,Female,Sales,Executive,4327,Yes,10,0,3,2,Yes
EMP00520,41,Male,IT,Analyst,7664,No,16,5,3,3,No
EMP00521,24,Male,Marketing,Specialist,7048,No,21,1,2,3,No
EMP00522,51,Female,IT,Manager,15420,Yes,7,11,2,4,No
EMP00523,39,Female,IT,Developer,9472,No,11,4,3,3,No
EMP00524,28,Male,IT,Developer,11342,No,22,5,4,3,No
EMP00525,39,Male,IT,Manager,15255,Yes,10,7,3,3,No
EMP00526,27,Male,IT,Analyst,5935,No,8,0,4,4,No
EMP00527,40,Male,Marketing,Developer,6547,No,12,8,3,4,No
EMP00528,44,Female,Finance,Manager,12638,No,12,8,1,3,No
EMP00529,35,Female,Finance,Analyst,7647,Yes,16,3,3,2,No
EMP00530,52,Male,Sales,Manager,15555,No,18,10,3,4,No
EMP00531,54,Male,Sales,Senior Manager,18360,No,7,17,3,3,No
EMP00532,25,Male,HR,Specialist,7997,No,13,0,3,2,No
EMP00533,28,Female,IT,Developer,7602,No,27,0,3,2,No
EMP00534,30,Female,IT,Specialist,6238,No,14,2,3,3,No
EMP00535,29,Male,IT,Developer,8476,Yes,14,1,3,4,No
EMP00536,28,Female,HR,Specialist,9146,Yes,5,3,3,2,No
EMP00537,42,Male,Marketing,Analyst,8007,No,5,4,4,3,No
EMP00538,42,Male,IT,Manager,9914,No,27,7,4,3,No
EMP00539,31,Female,Finance,Manager,10843,No,10,2,2,3,No
EMP00540,37,Male,Finance,Analyst,6289,No,22,0,3,3,No
EMP00541,44,Male,HR,Specialist,8899,No,10,6,2,3,No
EMP00542,51,Male,Sales,Manager,13250,Yes,9,13,3,3,No
EMP00543,41,Male,Finance,Analyst,7310,No,16,0,3,3,No
EMP00544,32,Male,Finance,Analyst,6696,No,20,3,3,3,No
EMP00545,23,Female,Sales,Executive,6551,Yes,30,2,3,3,No
EMP00546,41,Female,HR,Specialist,7481,No,4,5,3,3,No
EMP00547,28,Male,Finance,Analyst,8686,No,7,3,4,1,No
EMP00548,37,Female,Sales,Manager,9917,Yes,13,7,3,1,No
EMP00549,24,Female,Marketing,Executive,5202,No,25,1,3,2,No
EMP00550,27,Male,Finance,Analyst,5083,No,9,0,3,4,No
EMP00551,33,Female,Finance,Analyst,5639,No,25,2,3,3,No
EMP00552,29,Female,Finance,Executive,5821,No,9,0,3,3,No
EMP00553,37,Male,Finance,Specialist,7439,No,8,3,3,3,No
EMP00554,29,Female,HR,Analyst,7829,No,16,5,3,3,No
EMP00555,38,Male,IT,Developer,8155,Yes,10,2,3,4,No
EMP00556,27,Female,IT,Developer,6231,Yes,13,2,3,4,No
EMP00557,29,Male,Marketing,Executive,6953,Yes,4,0,3,3,No
EMP00558,26,Female,Marketing,Analyst,4879,No,6,1,4,3,No
EMP00559,46,Female,HR,Specialist,5242,No,33,4,3,2,No
EMP00560,24,Female,IT,Developer,8040,No,14,3,3,3,No
EMP00561,44,Female,IT,Specialist,8643,No,8,7,3,3,No
EMP00562,32,Female,IT,Developer,9018,Yes,39,3,2,2,No
EMP00563,35,Male,IT,Developer,11253,No,32,6,3,3,No
EMP00564,44,Male,Sales,Senior Manager,23160,No,9,11,3,4,No
EMP00565,38,Female,HR,Analyst,5881,No,21,8,3,2,Yes
EMP00566,37,Female,Sales,Executive,6670,No,19,3,4,3,No
EMP00567,60,Male,IT,Senior Manager,20255,Yes,34,15,4,2,No
EMP00568,32,Male,IT,Developer,8429,No,17,1,3,3,No
EMP00569,26,Male,IT,Developer,5997,Yes,10,4,3,3,No
EMP00570,35,Female,IT,Specialist,7434,Yes,9,6,4,3,No
EMP00571,32,Male,Marketing,Executive,4883,No,15,0,3,4,No
EMP00572,31,Female,Marketing,Specialist,8319,Yes,25,1,3,1,Yes
EMP00573,46,Female,Marketing,Manager,10338,No,8,16,2,3,No
EMP00574,33,Female,Sales,Specialist,7363,No,9,3,4,3,No
EMP00575,31,Male,IT,Developer,10465,No,5,4,2,3,No
EMP00576,27,Male,Sales,Executive,4428,Yes,29,1,3,1,Yes
EMP00577,42,Female,HR,Analyst,5183,No,8,4,3,1,No
EMP00578,36,Male,Marketing,Specialist,9199,No,17,5,2,4,No
EMP00579,44,Female,Sales,Senior Manager,20436,No,14,12,3,3,No
EMP00580,31,Male,IT,Developer,11542,No,22,2,3,3,No
EMP00581,30,Male,Sales,Specialist,9407,No,5,0,3,3,No
EMP00582,31,Male,IT,Developer,10459,Yes,5,4,2,2,Yes
EMP00583,28,Female,Sales,Executive,4021,Yes,18,0,3,3,Yes
EMP00584,47,Female,HR,Senior Manager,21001,No,8,13,3,3,No
EMP00585,25,Male,IT,Developer,7270,Yes,16,0,3,3,No
EMP00586,33,Male,IT,Specialist,6261,No,15,2,2,3,No
EMP00587,30,Male,Marketing,Executive,4774,No,39,2,3,3,No
EMP00588,35,Male,HR,Specialist,5448,No,9,3,3,4,No
EMP00589,30,Female,HR,Analyst,6373,No,19,5,2,3,No
EMP00590,41,Male,HR,Specialist,7050,Yes,1,2,3,3,Yes
EMP00591,22,Male,Marketing,Analyst,6789,No,29,0,3,3,No
EMP00592,22,Female,Finance,Analyst,7085,No,42,0,4,1,No
EMP00593,32,Male,HR,Manager,11791,No,20,7,3,2,No
EMP00594,42,Female,IT,Specialist,6615,No,3,0,1,2,No
EMP00595,49,Male,HR,Manager,13738,No,22,9,4,3,No
EMP00596,27,Male,IT,Developer,9343,No,16,0,3,4,No
EMP00597,36,Male,Finance,Executive,5743,Yes,11,3,3,4,No
EMP00598,22,Male,IT,Analyst,7617,No,25,1,4,3,No
EMP00599,59,Female,HR,Senior Manager,19785,No,9,18,3,2,No
EMP00600,23,Female,Sales,Executive,6775,No,10,0,4,3,No
EMP00601,32,Male,IT,Developer,5777,Yes,5,4,3,3,Yes
EMP00602,24,Male,IT,Developer,10819,No,30,1,3,3,No
EMP00603,38,Male,Marketing,Developer,6937,Yes,15,4,3,3,No
EMP00604,31,Female,Sales,Specialist,6502,Yes,5,0,4,4,Yes
EMP00605,33,Female,IT,Developer,10675,No,5,2,3,4,No
EMP00606,27,Male,Finance,Developer,6570,No,5,1,4,2,No
EMP00607,40,Male,IT,Analyst,8101,Yes,15,4,3,3,No
EMP00608,37,Female,HR,Analyst,7261,Yes,11,4,4,1,No
EMP00609,24,Male,IT,Developer,7216,Yes,9,0,3,2,No
EMP00610,44,Male,IT,Developer,10739,Yes,24,3,3,4,No
EMP00611,37,Female,HR,Analyst,6961,No,11,8,3,3,No
EMP00612,39,Male,Sales,Analyst,5298,Yes,9,0,3,1,Yes
EMP00613,44,Male,Sales,Specialist,7030,No,20,6,3,2,No
EMP00614,49,Female,Sales,Manager,10390,No,28,16,3,3,No
EMP00615,40,Male,HR,Analyst,4810,No,8,3,3,3,No
EMP00616,36,Female,Sales,Executive,4693,Yes,17,6,1,3,No
EMP00617,34,Male,IT,Developer,8385,Yes,23,3,3,2,Yes
EMP00618,52,Female,Marketing,Manager,14822,No,26,11,3,2,No
EMP00619,40,Male,Sales,Executive,7446,No,3,3,3,3,No
EMP00620,41,Male,Finance,Analyst,7392,Yes,27,2,3,3,No
EMP00621,54,Female,Sales,Manager,15977,No,9,14,3,1,No
EMP00622,30,Male,Finance,Analyst,6517,No,8,0,2,3,No
EMP00623,40,Female,HR,Executive,5910,Yes,30,4,3,2,No
EMP00624,31,Female,IT,Developer,11919,No,12,5,4,3,No
EMP00625,40,Female,IT,Developer,10570,Yes,20,4,3,4,No
EMP00626,51,Male,IT,Manager,13648,No,12,15,3,1,No
EMP00627,37,Male,IT,Developer,8874,Yes,14,2,3,3,No
EMP00628,22,Female,HR,Analyst,4536,Yes,26,0,3,2,No
EMP00629,36,Male,Marketing,Executive,5851,Yes,12,6,3,3,No
EMP00630,33,Female,IT,Analyst,4768,Yes,21,0,4,3,Yes
EMP00631,44,Female,IT,Manager,12071,No,8,10,3,2,No
EMP00632,41,Female,IT,Developer,6101,Yes,1,3,4,2,Yes
EMP00633,31,Male,Sales,Executive,5786,No,28,3,3,3,Yes
EMP00634,42,Female,IT,Developer,7441,No,21,2,3,3,No
EMP00635,28,Female,IT,Developer,10528,No,4,6,4,3,No
EMP00636,33,Male,HR,Analyst,6163,Yes,8,5,3,3,No
EMP00637,35,Male,HR,Developer,7262,No,21,5,3,3,No
EMP00638,22,Female,Sales,Executive,5943,Yes,9,1,4,4,Yes
EMP00639,35,Male,HR,Analyst,6566,No,18,2,3,4,No
EMP00640,35,Female,Sales,Manager,13582,No,5,6,4,4,No
EMP00641,30,Male,Finance,Analyst,6202,No,33,7,3,3,No
EMP00642,44,Female,IT,Developer,8721,No,23,6,2,3,No
EMP00643,36,Male,Marketing,Analyst,8104,No,9,3,4,3,No
EMP00644,37,Female,Finance,Analyst,6381,No,8,5,2,1,No
EMP00645,26,Male,IT,Developer,10463,No,41,0,2,2,No
EMP00646,38,Female,HR,Executive,7367,No,21,0,3,3,Yes
EMP00647,39,Female,Sales,Executive,5506,Yes,17,0,1,4,Yes
EMP00648,40,Female,IT,Developer,10846,Yes,4,4,3,4,No
EMP00649,30,Female,Finance,Analyst,6532,No,2,2,2,2,No
EMP00650,30,Female,Marketing,Analyst,7881,No,4,1,2,2,No
EMP00651,26,Female,HR,Executive,4653,No,8,1,2,3,No
EMP00652,30,Female,IT,Developer,9338,Yes,27,1,3,2,No
EMP00653,40,Male,Sales,Executive,6750,No,34,7,3,3,No
EMP00654,36,Male,Sales,Manager,14199,Yes,15,6,2,2,No
EMP00655,39,Female,Sales,Executive,6488,Yes,18,6,3,3,No
EMP00656,25,Male,Finance,Analyst,6287,Yes,12,0,3,2,Yes
EMP00657,28,Male,HR,Specialist,6080,No,15,5,3,2,No
EMP00658,44,Female,HR,Specialist,7109,No,14,3,1,1,No
EMP00659,41,Female,Finance,Specialist,8407,No,18,8,3,2,No
EMP00660,33,Male,IT,Developer,11789,No,3,7,3,3,Yes
EMP00661,45,Male,IT,Manager,14347,No,17,14,3,3,No
EMP00662,22,Male,Marketing,Analyst,6541,No,1,1,3,3,No
EMP00663,26,Male,Sales,Executive,7352,No,6,0,2,3,No
EMP00664,44,Male,Marketing,Manager,13824,No,20,10,3,3,No
EMP00665,52,Female,Marketing,Manager,17367,No,1,13,3,4,No
EMP00666,39,Male,IT,Specialist,8544,No,31,4,3,3,No
EMP00667,32,Male,Finance,Analyst,6628,No,17,6,4,4,No
EMP00668,40,Male,Sales,Specialist,8916,Yes,19,6,3,3,No
EMP00669,22,Male,Sales,Executive,5946,Yes,29,1,3,2,Yes
EMP00670,30,Male,IT,Developer,5952,No,12,2,2,3,No
EMP00671,32,Male,Marketing,Analyst,8232,No,5,1,2,3,No
EMP00672,23,Female,IT,Developer,6078,Yes,18,2,2,4,No
EMP00673,26,Male,IT,Analyst,5810,Yes,7,2,3,3,Yes
EMP00674,43,Female,HR,Manager,12177,Yes,11,11,3,2,No
EMP00675,45,Female,IT,Senior Manager,21225,Yes,6,14,3,2,No
EMP00676,34,Male,Marketing,Analyst,7189,No,12,5,2,1,Yes
EMP00677,27,Male,IT,Developer,6571,No,3,0,3,2,Yes
EMP00678,22,Male,Sales,Analyst,7513,No,10,0,1,3,No
EMP00679,41,Female,IT,Developer,10375,No,10,9,3,4,No
EMP00680,22,Male,Marketing,Executive,7435,Yes,50,1,2,3,Yes
EMP00681,23,Female,IT,Developer,9276,No,5,1,3,4,No
EMP00682,37,Male,HR,Specialist,8217,No,35,5,3,1,No
EMP00683,37,Male,HR,Analyst,4872,Yes,7,4,2,3,Yes
EMP00684,23,Male,Marketing,Analyst,5099,Yes,21,1,3,2,Yes
EMP00685,29,Male,HR,Specialist,7598,No,19,1,3,2,No
EMP00686,39,Female,IT,Senior Manager,16054,No,26,13,3,2,No
EMP00687,39,Male,Marketing,Analyst,8067,Yes,7,0,3,3,Yes
EMP00688,35,Female,IT,Developer,10418,No,5,3,3,1,No
EMP00689,36,Male,Sales,Specialist,9638,No,24,6,3,3,Yes
EMP00690,41,Female,IT,Developer,7271,No,20,1,2,4,No
EMP00691,26,Female,Finance,Analyst,8513,No,21,1,1,2,No
EMP00692,26,Male,HR,Analyst,6956,No,8,2,4,3,No
EMP00693,33,Female,Finance,Executive,7421,No,6,2,3,2,No
EMP00694,26,Female,HR,Analyst,8188,No,1,1,3,2,No
EMP00695,51,Female,Sales,Manager,13455,Yes,25,10,3,3,No
EMP00696,32,Male,Finance,Analyst,6285,No,13,3,3,2,No
EMP00697,55,Male,IT,Senior Manager,23019,Yes,50,16,3,3,Yes
EMP00698,38,Male,HR,Analyst,6970,No,39,8,4,3,No
EMP00699,32,Female,IT,Manager,12478,No,18,4,3,4,No
EMP00700,34,Female,Finance,Analyst,6620,Yes,5,4,2,3,Yes
EMP00701,30,Female,Finance,Specialist,5011,Yes,7,0,3,3,Yes
EMP00702,40,Female,Finance,Analyst,5941,No,16,4,2,3,Yes
EMP00703,38,Male,Sales,Senior Manager,14774,No,2,6,3,3,No
EMP00704,33,Female,HR,Analyst,8710,No,20,5,2,2,No
EMP00705,39,Female,Marketing,Specialist,8461,No,10,7,3,3,No
EMP00706,40,Male,Finance,Analyst,8404,No,5,5,3,2,No
EMP00707,38,Female,Marketing,Specialist,8966,No,10,5,3,3,No
EMP00708,31,Female,IT,Developer,10443,No,28,6,3,3,No
EMP00709,41,Male,Marketing,Specialist,8740,Yes,14,10,3,2,No
EMP00710,25,Female,Sales,Analyst,7998,No,1,2,3,3,No
EMP00711,41,Female,Finance,Analyst,7131,No,6,5,3,4,No
EMP00712,35,Male,Sales,Executive,6935,Yes,14,4,3,4,No
EMP00713,26,Female,Marketing,Analyst,7565,Yes,12,4,3,3,No
EMP00714,44,Male,IT,Developer,9450,No,13,5,3,3,No
EMP00715,45,Male,IT,Developer,7571,No,16,4,4,3,No
EMP00716,27,Female,Sales,Specialist,8356,No,3,6,4,2,No
EMP00717,33,Male,IT,Developer,8266,No,21,4,4,3,No
EMP00718,37,Male,Marketing,Executive,6591,No,11,0,3,4,No
EMP00719,25,Female,IT,Executive,6724,No,19,0,3,3,No
EMP00720,44,Male,Marketing,Developer,8660,No,11,7,3,3,No
EMP00721,37,Male,IT,Developer,11202,Yes,2,4,3,2,No
EMP00722,38,Female,IT,Developer,8833,No,12,2,3,3,No
EMP00723,27,Male,Marketing,Analyst,8497,Yes,9,1,2,2,No
EMP00724,31,Female,Sales,Executive,4167,Yes,7,3,3,3,No
EMP00725,27,Female,Marketing,Executive,4042,No,11,1,3,4,No
EMP00726,36,Male,HR,Manager,14784,Yes,1,4,3,2,No
EMP00727,45,Male,Sales,Specialist,6147,Yes,5,9,4,3,No
EMP00728,28,Male,Finance,Analyst,7688,No,14,0,3,3,No
EMP00729,25,Male,IT,Specialist,6853,Yes,5,0,4,3,No
EMP00730,57,Female,Sales,Senior Manager,17052,No,10,19,3,3,No
EMP00731,31,Female,Finance,Analyst,7128,No,35,0,2,2,No
EMP00732,40,Female,Marketing,Executive,4282,Yes,4,5,1,3,Yes
EMP00733,33,Female,HR,Specialist,5506,No,19,4,3,1,No
EMP00734,45,Female,HR,Specialist,6301,Yes,8,7,3,3,No
EMP00735,39,Male,Finance,Analyst,8416,No,7,2,2,2,Yes
EMP00736,27,Male,IT,Developer,5923,No,12,0,3,4,No
EMP00737,31,Male,Finance,Specialist,5996,No,31,5,2,1,No
EMP00738,35,Male,Sales,Manager,9968,No,26,10,4,3,No
EMP00739,43,Male,IT,Developer,8969,No,33,6,4,4,No
EMP00740,36,Male,HR,Analyst,6919,No,5,5,2,3,No
EMP00741,38,Male,Sales,Executive,4903,No,6,0,2,4,Yes
EMP00742,29,Female,Marketing,Specialist,6716,No,9,2,3,4,No
EMP00743,34,Male,Marketing,Manager,11375,No,6,8,3,3,No
EMP00744,32,Male,Sales,Analyst,7543,Yes,3,0,1,2,No
EMP00745,37,Male,IT,Analyst,5182,Yes,7,4,4,2,No
EMP00746,36,Male,Marketing,Analyst,4902,No,14,3,3,3,No
EMP00747,40,Female,IT,Developer,10036,Yes,8,2,2,3,No
EMP00748,60,Male,IT,Senior Manager,21471,No,19,22,3,3,No
EMP00749,37,Female,Finance,Analyst,7993,No,11,0,3,3,No
EMP00750,30,Female,Finance,Analyst,4642,Yes,7,0,1,4,No
EMP00751,44,Male,Sales,Specialist,6577,No,15,3,3,4,Yes
EMP00752,44,Male,HR,Specialist,9666,No,12,7,4,1,No
EMP00753,25,Male,IT,Developer,8643,No,12,3,3,3,No
EMP00754,43,Male,IT,Developer,5932,No,15,7,3,3,No
EMP00755,41,Male,IT,Manager,10684,No,19,10,3,4,No
EMP00756,45,Female,Sales,Manager,12502,No,39,7,3,4,Yes
EMP00757,42,Female,Sales,Analyst,5943,Yes,20,6,3,2,Yes
EMP00758,24,Female,IT,Developer,9786,Yes,4,0,2,2,No
EMP00759,23,Male,Sales,Analyst,7183,No,36,0,3,4,No
EMP00760,30,Female,Marketing,Executive,4005,No,2,0,3,4,No
EMP00761,31,Male,Sales,Executive,7246,No,25,1,2,4,No
EMP00762,42,Female,Finance,Analyst,7271,No,13,4,3,3,No
EMP00763,23,Male,IT,Developer,10851,No,13,1,3,4,No
EMP00764,26,Male,IT,Developer,8487,No,2,1,3,2,No
EMP00765,36,Male,IT,Developer,8820,No,5,3,4,3,No
EMP00766,40,Female,Sales,Analyst,7797,Yes,40,8,3,4,Yes
EMP00767,29,Male,IT,Developer,9435,Yes,4,1,4,4,No
EMP00768,47,Female,IT,Manager,10070,Yes,22,6,3,3,No
EMP00769,38,Male,HR,Analyst,8219,No,11,1,3,3,No
EMP00770,34,Female,Marketing,Executive,4305,No,37,2,3,3,Yes
EMP00771,30,Male,HR,Manager,14763,No,26,6,3,3,No
EMP00772,29,Male,Sales,Executive,7480,Yes,32,1,3,2,Yes
EMP00773,36,Male,IT,Developer,8999,No,12,2,2,2,No
EMP00774,38,Male,Sales,Executive,5229,Yes,19,2,1,3,No
EMP00775,51,Male,Sales,Manager,16950,No,2,13,1,3,No
EMP00776,36,Female,IT,Developer,6481,No,28,1,3,3,No
EMP00777,43,Male,IT,Developer,12147,No,7,4,3,3,No
EMP00778,41,Male,IT,Developer,6455,No,12,0,3,2,No
EMP00779,28,Male,Marketing,Analyst,6073,No,10,4,3,3,No
EMP00780,44,Female,IT,Developer,8406,No,17,3,3,3,No
EMP00781,39,Male,Sales,Executive,7741,Yes,14,9,4,2,No
EMP00782,40,Female,Marketing,Analyst,7338,Yes,13,4,3,2,Yes
EMP00783,27,Female,HR,Developer,9620,No,7,1,4,3,No
EMP00784,26,Male,Finance,Specialist,8183,No,9,5,2,4,No
EMP00785,36,Female,Sales,Analyst,6840,No,8,0,3,4,No
EMP00786,38,Female,IT,Specialist,6834,Yes,9,1,3,3,No
EMP00787,42,Male,IT,Analyst,8346,No,19,3,3,3,No
EMP00788,39,Female,Marketing,Executive,7336,Yes,22,5,3,3,No
EMP00789,38,Female,IT,Developer,10056,No,14,4,1,3,No
EMP00790,35,Female,IT,Developer,9918,No,9,1,2,4,No
EMP00791,25,Male,IT,Developer,7404,Yes,8,3,4,3,No
EMP00792,24,Male,IT,Developer,7597,No,22,0,3,4,No
EMP00793,38,Male,Sales,Executive,6288,Yes,20,6,3,2,No
EMP00794,26,Male,IT,Developer,8175,Yes,26,4,3,3,Yes
EMP00795,41,Female,IT,Developer,6879,Yes,19,1,3,3,No
EMP00796,42,Male,Sales,Senior Manager,19764,No,18,12,2,2,No
EMP00797,48,Female,IT,Manager,16067,No,24,8,3,3,No
EMP00798,28,Female,IT,Analyst,6146,No,6,4,3,2,No
EMP00799,31,Female,HR,Specialist,6877,No,2,0,3,3,No
EMP00800,40,Female,IT,Manager,13758,No,11,7,2,2,Yes
EMP00801,45,Male,Marketing,Manager,10946,No,17,2,2,4,No
EMP00802,29,Female,IT,Developer,5886,No,40,2,3,4,No
EMP00803,35,Female,IT,Developer,5954,Yes,17,4,2,3,No
EMP00804,25,Female,HR,Analyst,5173,Yes,35,1,3,4,Yes
EMP00805,45,Female,IT,Developer,7504,Yes,20,8,3,3,No
EMP00806,38,Female,Sales,Executive,6193,No,19,3,2,3,No
EMP00807,22,Female,Sales,Executive,6777,Yes,33,0,3,3,Yes
EMP00808,29,Male,Marketing,Analyst,6137,No,2,0,3,2,No
EMP00809,31,Male,Finance,Analyst,5460,No,5,0,4,3,No
EMP00810,33,Male,IT,Developer,7228,No,10,0,3,3,No
EMP00811,37,Female,Marketing,Executive,5591,No,13,2,3,3,No
EMP00812,36,Female,HR,Specialist,9498,No,3,10,3,3,No
EMP00813,37,Male,IT,Developer,9215,No,4,9,3,3,No
EMP00814,30,Female,Finance,Executive,5277,No,38,4,3,3,No
EMP00815,26,Male,IT,Developer,8188,No,11,3,2,4,No
EMP00816,29,Male,Finance,Specialist,5569,No,28,0,3,3,No
EMP00817,35,Male,HR,Analyst,8018,No,2,3,4,2,No
EMP00818,31,Female,Finance,Specialist,7398,No,5,2,3,1,Yes
EMP00819,36,Male,IT,Developer,10847,Yes,5,5,3,4,No
EMP00820,37,Female,IT,Analyst,7622,Yes,12,4,3,3,No
EMP00821,35,Female,IT,Developer,9450,No,18,3,3,1,No
EMP00822,22,Male,Finance,Analyst,6573,No,13,1,3,3,No
EMP00823,28,Male,IT,Developer,11559,No,39,2,3,4,No
EMP00824,37,Male,Marketing,Analyst,5229,No,43,0,2,3,No
EMP00825,34,Female,Marketing,Specialist,6661,No,14,0,3,3,No
EMP00826,32,Male,Sales,Specialist,9137,Yes,24,4,4,2,No
EMP00827,35,Male,Marketing,Specialist,6083,Yes,7,5,3,1,No
EMP00828,44,Male,Marketing,Specialist,8990,Yes,31,7,4,1,No
EMP00829,41,Male,Finance,Specialist,5504,No,34,7,3,3,No
EMP00830,28,Male,Marketing,Executive,4079,No,1,0,3,3,No
EMP00831,43,Male,IT,Developer,6307,No,8,5,2,3,No
EMP00832,27,Female,HR,Executive,5398,No,4,2,4,3,No
EMP00833,28,Female,Finance,Analyst,8770,No,4,4,3,2,No
EMP00834,36,Male,IT,Developer,9377,Yes,11,3,3,4,No
EMP00835,32,Male,IT,Developer,10203,Yes,10,5,1,3,Yes
EMP00836,42,Male,Sales,Specialist,8969,Yes,25,3,2,2,No
EMP00837,28,Male,Marketing,Executive,4371,Yes,20,0,3,3,No
EMP00838,28,Female,Sales,Executive,6282,Yes,17,1,3,2,No
EMP00839,40,Male,IT,Developer,11959,No,20,3,1,1,No
EMP00840,37,Female,IT,Analyst,4919,No,4,3,3,3,No
EMP00841,29,Male,IT,Developer,11171,Yes,8,3,2,2,No
EMP00842,40,Female,Sales,Senior Manager,15512,Yes,36,4,2,1,No
EMP00843,40,Male,IT,Developer,6111,No,4,7,2,3,No
EMP00844,27,Male,Finance,Developer,10874,Yes,42,0,3,1,Yes
EMP00845,33,Female,Sales,Executive,4102,No,13,2,4,2,No
EMP00846,31,Male,Sales,Executive,6721,No,17,4,2,4,No
EMP00847,29,Female,HR,Analyst,7139,No,22,0,2,4,No
EMP00848,33,Male,Finance,Analyst,4577,No,28,0,3,2,No
EMP00849,46,Female,HR,Specialist,5820,No,18,8,3,2,No
EMP00850,34,Male,HR,Analyst,6242,No,10,4,4,4,No
EMP00851,34,Female,Sales,Executive,5202,Yes,10,5,3,2,No
EMP00852,25,Male,IT,Developer,8950,No,8,0,2,2,No
EMP00853,28,Male,Finance,Executive,6246,No,3,0,1,3,No
EMP00854,40,Female,Finance,Analyst,6524,No,5,4,3,4,No
EMP00855,45,Male,IT,Developer,10517,Yes,13,4,3,1,No
EMP00856,36,Male,Marketing,Analyst,8139,No,3,4,3,4,No
EMP00857,32,Female,Marketing,Analyst,8277,No,13,2,2,3,No
EMP00858,27,Male,HR,Analyst,5532,No,19,4,3,3,No
EMP00859,29,Female,IT,Analyst,5318,Yes,11,0,3,3,No
EMP00860,29,Female,Finance,Analyst,6449,No,30,5,3,3,No
EMP00861,47,Female,HR,Manager,10603,No,7,11,2,4,No
EMP00862,30,Male,Finance,Executive,7576,No,11,3,3,4,No
EMP00863,44,Male,Finance,Specialist,7282,No,1,7,3,3,No
EMP00864,41,Male,Sales,Specialist,6188,No,14,5,3,3,No
EMP00865,27,Male,HR,Analyst,5448,No,9,0,3,3,No
EMP00866,35,Male,IT,Developer,6385,No,16,3,3,4,No
EMP00867,25,Female,Sales,Executive,6630,No,4,2,4,4,No
EMP00868,22,Female,Sales,Executive,7134,Yes,10,0,3,4,No
EMP00869,34,Female,IT,Developer,10975,No,15,4,1,4,No
EMP00870,38,Male,Marketing,Specialist,7281,Yes,2,2,3,3,No
EMP00871,32,Female,IT,Specialist,8150,Yes,7,4,3,2,No
EMP00872,33,Male,IT,Developer,10510,No,36,4,4,2,No
EMP00873,45,Female,HR,Manager,11514,No,25,5,3,3,No
EMP00874,36,Female,Finance,Analyst,6650,No,11,5,4,3,No
EMP00875,38,Female,IT,Developer,6375,No,21,5,2,1,No
EMP00876,29,Male,Sales,Analyst,6640,No,18,1,3,4,No
EMP00877,39,Male,IT,Executive,4011,Yes,12,0,4,3,No
EMP00878,41,Female,Finance,Analyst,4854,Yes,5,1,3,3,Yes
EMP00879,31,Female,Sales,Executive,4618,Yes,23,1,2,3,Yes
EMP00880,28,Female,IT,Developer,8044,No,4,3,3,3,No
EMP00881,36,Female,HR,Manager,10881,No,3,7,3,4,No
EMP00882,35,Female,Sales,Executive,6618,Yes,15,5,3,4,No
EMP00883,26,Female,Marketing,Analyst,5501,No,7,0,3,4,No
EMP00884,33,Male,IT,Manager,15004,No,16,6,3,1,No
EMP00885,31,Male,Finance,Analyst,5292,Yes,7,2,4,3,No
EMP00886,23,Female,IT,Analyst,8145,No,22,1,3,2,No
EMP00887,29,Female,Finance,Analyst,6377,Yes,11,0,4,4,No
EMP00888,26,Female,IT,Developer,8670,No,14,1,3,1,No
EMP00889,34,Female,Finance,Analyst,5736,No,18,6,4,2,No
EMP00890,29,Male,IT,Developer,6926,No,31,2,3,1,No
EMP00891,42,Female,Finance,Specialist,5968,No,5,11,4,4,No
EMP00892,25,Male,Finance,Analyst,5173,No,15,0,3,2,No
EMP00893,22,Male,Sales,Executive,5619,No,3,0,3,4,No
EMP00894,37,Female,IT,Analyst,8321,No,29,4,3,4,Yes
EMP00895,25,Male,Sales,Executive,5703,No,19,0,3,3,No
EMP00896,49,Female,IT,Manager,16078,No,28,14,4,3,No
EMP00897,42,Male,Sales,Analyst,5708,No,5,4,3,4,No
EMP00898,38,Male,Sales,Executive,5552,Yes,12,2,3,2,Yes
EMP00899,32,Male,Sales,Analyst,7506,No,22,5,3,3,No
EMP00900,54,Male,Marketing,Manager,12353,Yes,6,14,2,4,No
EMP00901,42,Female,HR,Specialist,6286,No,35,7,4,3,No
EMP00902,43,Female,Finance,Specialist,9514,No,5,6,3,3,No
EMP00903,34,Male,Marketing,Executive,5791,No,24,3,3,3,No
EMP00904,24,Male,Marketing,Executive,6759,No,31,1,3,3,No
EMP00905,28,Male,IT,Developer,10375,Yes,13,0,4,2,No
EMP00906,32,Female,Sales,Specialist,7430,No,11,3,3,3,No
EMP00907,40,Female,HR,Senior Manager,21781,No,9,9,3,3,No
EMP00908,22,Male,Sales,Executive,7549,No,31,1,3,4,No
EMP00909,35,Female,IT,Analyst,4601,Yes,4,2,3,4,No
EMP00910,29,Female,IT,Developer,7491,Yes,20,3,3,1,No
EMP00911,33,Male,Marketing,Analyst,6565,No,40,3,2,3,No
EMP00912,44,Male,Sales,Senior Manager,17109,No,2,12,3,1,No
EMP00913,41,Male,Marketing,Manager,10677,No,9,10,3,4,No
EMP00914,36,Male,Finance,Developer,7407,No,6,11,3,3,No
EMP00915,27,Female,HR,Executive,7278,No,16,3,1,3,No
EMP00916,43,Female,IT,Developer,9262,No,11,7,3,2,No
EMP00917,40,Male,Marketing,Specialist,7289,No,24,6,3,2,Yes
EMP00918,28,Male,Sales,Executive,6192,Yes,20,6,3,3,Yes
EMP00919,34,Male,IT,Developer,9693,Yes,36,0,3,1,No
EMP00920,42,Male,Finance,Manager,16313,No,5,6,2,3,No
EMP00921,25,Female,HR,Analyst,5672,No,21,0,3,3,No
EMP00922,43,Male,Marketing,Manager,12558,No,12,11,3,3,No
EMP00923,25,Female,Sales,Specialist,6149,No,7,0,1,1,No
EMP00924,32,Female,IT,Developer,7251,Yes,31,2,3,3,Yes
EMP00925,59,Male,Marketing,Senior Manager,16366,Yes,14,18,3,3,No
EMP00926,38,Female,Sales,Executive,7531,No,1,3,3,3,No
EMP00927,29,Male,Sales,Executive,5167,Yes,20,1,2,2,No
EMP00928,34,Female,HR,Analyst,8149,Yes,6,8,3,1,No
EMP00929,44,Female,Sales,Specialist,5680,No,25,3,3,3,No
EMP00930,34,Male,Marketing,Executive,6529,No,40,3,3,4,No
EMP00931,42,Female,Sales,Analyst,8167,No,8,4,3,3,No
EMP00932,43,Male,Finance,Senior Manager,17030,No,6,9,3,2,No
EMP00933,28,Male,Sales,Executive,6485,Yes,7,0,3,1,No
EMP00934,46,Male,Finance,Senior Manager,18800,No,18,14,3,4,No
EMP00935,36,Male,Finance,Developer,11773,No,7,8,3,4,No
EMP00936,33,Male,Sales,Executive,6772,No,16,1,3,4,No
EMP00937,23,Female,Marketing,Executive,4737,No,7,0,3,4,No
EMP00938,51,Male,Sales,Senior Manager,22139,Yes,27,15,3,3,Yes
EMP00939,54,Female,Sales,Manager,10784,No,13,13,3,3,No
EMP00940,35,Female,HR,Analyst,5717,No,38,0,3,4,No
EMP00941,41,Female,HR,Specialist,9623,Yes,25,5,4,3,No
EMP00942,31,Female,Finance,Executive,5424,No,28,2,3,3,Yes
EMP00943,43,Female,IT,Developer,8841,No,14,9,2,3,No
EMP00944,38,Male,Marketing,Analyst,7179,Yes,16,4,3,4,No
EMP00945,45,Male,Finance,Specialist,9022,No,8,3,1,2,No
EMP00946,35,Male,Sales,Specialist,6820,No,12,3,3,2,No
EMP00947,40,Female,IT,Developer,7338,No,5,6,3,3,No
EMP00948,26,Male,IT,Developer,9425,Yes,13,0,4,3,No
EMP00949,34,Female,HR,Analyst,5546,No,8,3,3,4,No
EMP00950,44,Female,IT,Developer,10455,Yes,28,3,1,2,Yes
EMP00951,42,Male,Finance,Analyst,5754,No,7,8,3,3,No
EMP00952,26,Male,Sales,Executive,4749,Yes,10,0,3,3,No
EMP00953,40,Male,Finance,Senior Manager,19937,No,3,6,4,4,No
EMP00954,30,Male,IT,Developer,7777,Yes,11,1,3,2,No
EMP00955,39,Male,Sales,Manager,10279,Yes,26,11,3,3,Yes
EMP00956,27,Male,IT,Developer,11554,No,38,3,3,3,No
EMP00957,53,Male,Sales,Senior Manager,18018,Yes,47,16,4,2,No
EMP00958,53,Male,Finance,Senior Manager,23500,No,18,16,4,3,No
EMP00959,42,Female,IT,Developer,10362,No,6,6,3,4,No
EMP00960,27,Male,IT,Developer,10791,No,17,0,3,2,No
EMP00961,40,Male,IT,Analyst,8199,No,4,5,4,4,No
EMP00962,36,Female,HR,Specialist,9268,No,14,1,3,3,No
EMP00963,27,Male,HR,Specialist,6304,Yes,6,3,3,3,No
EMP00964,40,Male,IT,Developer,9056,No,7,3,3,3,No
EMP00965,27,Male,IT,Developer,8318,No,10,0,3,3,Yes
EMP00966,33,Male,Finance,Analyst,7100,No,5,4,3,2,No
EMP00967,41,Female,IT,Developer,8631,No,2,6,3,4,No
EMP00968,30,Male,Finance,Analyst,5858,No,4,0,4,2,No
EMP00969,41,Female,Sales,Analyst,7485,No,26,3,3,3,No
EMP00970,40,Male,IT,Developer,7252,No,24,9,2,3,No
EMP00971,42,Female,Finance,Developer,7543,No,5,7,3,3,No
EMP00972,55,Female,Sales,Manager,15259,No,22,15,3,4,No
EMP00973,48,Male,Finance,Manager,16780,No,24,11,2,3,No
EMP00974,47,Male,Finance,Manager,14938,No,1,11,4,4,No
EMP00975,44,Female,IT,Manager,14836,Yes,15,8,3,2,No
EMP00976,41,Female,IT,Developer,11376,No,8,8,3,4,No
EMP00977,30,Female,Marketing,Executive,4307,No,6,5,2,1,No
EMP00978,31,Male,HR,Executive,4884,No,3,0,3,3,No
EMP00979,39,Female,Marketing,Analyst,6694,No,10,3,4,3,No
EMP00980,26,Male,IT,Developer,7187,Yes,16,5,3,3,No
EMP00981,25,Male,IT,Developer,9703,No,46,0,1,3,Yes
EMP00982,30,Male,IT,Developer,11895,Yes,9,1,3,1,No
EMP00983,22,Female,Sales,Executive,5993,No,9,0,3,4,No
EMP00984,42,Male,HR,Specialist,9360,No,14,5,4,3,No
EMP00985,39,Male,HR,Manager,10865,No,41,9,3,4,No
EMP00986,51,Female,Sales,Senior Manager,22256,No,9,9,3,3,No
EMP00987,40,Male,IT,Manager,9810,No,15,10,3,2,No
EMP00988,22,Male,Sales,Executive,6427,No,14,0,3,4,No
EMP00989,30,Female,Marketing,Analyst,6223,No,43,4,3,4,No
EMP00990,39,Female,Marketing,Specialist,6083,No,8,5,3,3,No
EMP00991,22,Male,HR,Executive,7262,No,15,1,1,3,No
EMP00992,44,Male,IT,Specialist,5466,Yes,23,5,4,2,No
EMP00993,29,Male,HR,Analyst,7868,Yes,5,0,3,2,No
EMP00994,48,Female,Finance,Manager,16949,No,27,19,2,4,No
EMP00995,28,Male,IT,Developer,7847,No,10,0,3,4,No
EMP00996,23,Female,Sales,Developer,8228,Yes,9,2,3,2,Yes
EMP00997,34,Male,Sales,Executive,4315,No,9,0,2,3,No
EMP00998,39,Male,HR,Executive,7439,Yes,6,1,2,4,No
EMP00999,44,Male,IT,Developer,7234,No,24,5,3,4,No
EMP01000,36,Male,IT,Developer,6454,Yes,3,4,4,2,No
EMP01001,26,Female,Finance,Analyst,8412,No,12,2,3,3,No
EMP01002,26,Female,Marketing,Executive,6681,Yes,17,0,3,3,No
EMP01003,30,Female,IT,Developer,10495,No,5,2,3,3,No
EMP01004,34,Female,IT,Developer,11285,Yes,10,2,3,3,No
EMP01005,28,Female,Finance,Analyst,7698,No,34,2,3,3,No
EMP01006,43,Female,HR,Developer,9552,Yes,9,4,2,2,No
EMP01007,47,Male,HR,Manager,15432,No,4,10,3,3,No
EMP01008,25,Male,Sales,Specialist,8819,Yes,35,4,3,2,Yes
EMP01009,39,Male,HR,Analyst,6661,No,26,4,3,4,No
EMP01010,42,Male,Finance,Manager,12467,No,11,9,3,3,No
EMP01011,29,Female,HR,Executive,4092,No,7,2,3,4,No
EMP01012,38,Male,IT,Specialist,9053,Yes,6,0,3,4,Yes
EMP01013,28,Female,Marketing,Executive,7016,Yes,12,0,1,3,No
EMP01014,35,Female,HR,Analyst,5435,No,4,9,3,3,No
EMP01015,31,Female,Sales,Executive,4272,Yes,10,2,3,3,No
EMP01016,27,Male,Marketing,Executive,5462,Yes,15,0,3,4,No
EMP01017,41,Female,Marketing,Analyst,5902,No,13,5,3,3,No
EMP01018,43,Male,IT,Developer,10450,Yes,10,7,3,4,No
EMP01019,33,Male,IT,Developer,6632,Yes,2,0,3,4,No
EMP01020,25,Male,IT,Specialist,6515,Yes,32,0,4,2,Yes
EMP01021,40,Male,Sales,Analyst,7919,No,15,10,3,3,No
EMP01022,41,Male,IT,Developer,11763,No,19,9,3,2,No
EMP01023,43,Male,IT,Developer,11243,No,8,1,3,1,No
EMP01024,28,Male,Sales,Analyst,4647,No,32,0,4,3,No
EMP01025,29,Male,IT,Developer,9168,Yes,7,5,4,3,No
EMP01026,52,Male,IT,Senior Manager,22594,No,9,17,2,3,No
EMP01027,31,Male,Marketing,Manager,13989,No,16,5,2,4,No
EMP01028,32,Female,HR,Manager,14119,No,3,2,2,4,No
EMP01029,39,Female,Sales,Executive,5464,No,11,0,3,4,No
EMP01030,28,Male,IT,Developer,6449,No,18,3,4,4,No
EMP01031,40,Male,IT,Developer,9495,Yes,27,3,4,3,No
EMP01032,52,Female,IT,Senior Manager,23500,No,1,17,1,3,No
EMP01033,51,Female,Sales,Senior Manager,16546,No,9,12,2,3,No
EMP01034,23,Female,Sales,Executive,6620,Yes,15,0,2,3,Yes
EMP01035,27,Male,IT,Developer,11993,Yes,17,5,3,4,No
EMP01036,38,Female,Finance,Analyst,7316,No,16,3,3,2,No
EMP01037,35,Male,Finance,Analyst,5575,No,27,0,3,4,No
EMP01038,43,Male,Marketing,Specialist,7395,Yes,40,10,2,2,No
EMP01039,42,Female,Finance,Analyst,8147,No,10,5,3,3,No
EMP01040,58,Male,Sales,Senior Manager,19936,No,10,16,2,3,No
EMP01041,29,Male,Marketing,Specialist,5420,No,21,2,3,3,Yes
EMP01042,40,Female,Sales,Specialist,9938,Yes,14,8,4,2,Yes
EMP01043,34,Male,HR,Analyst,7768,No,18,6,4,3,No
EMP01044,38,Male,HR,Executive,6346,No,24,6,2,3,No
EMP01045,31,Female,HR,Specialist,6131,No,9,1,2,4,No
EMP01046,33,Male,Finance,Manager,11038,No,16,4,2,4,No
EMP01047,44,Male,HR,Senior Manager,15390,Yes,18,14,3,4,No
EMP01048,57,Female,Sales,Senior Manager,23500,No,1,19,3,3,No
EMP01049,22,Female,Marketing,Analyst,7019,No,11,0,3,3,No
EMP01050,44,Female,HR,Manager,10389,No,9,7,3,2,No
EMP01051,38,Female,Marketing,Senior Manager,19530,Yes,29,3,3,2,No
EMP01052,28,Male,Sales,Analyst,7826,No,7,5,3,1,No
EMP01053,37,Female,Sales,Executive,4402,Yes,16,0,2,3,No
EMP01054,35,Female,IT,Developer,7221,No,9,3,2,2,Yes
EMP01055,31,Male,Sales,Analyst,8359,Yes,16,3,3,3,No
EMP01056,35,Male,Finance,Analyst,8948,Yes,17,7,3,3,No
EMP01057,23,Female,IT,Executive,7201,No,5,1,3,3,No
EMP01058,25,Male,Marketing,Analyst,6105,Yes,28,0,3,3,Yes
EMP01059,42,Male,Marketing,Analyst,7692,No,12,5,1,3,No
EMP01060,30,Female,Finance,Specialist,6580,No,11,3,2,4,No
EMP01061,31,Male,IT,Manager,10356,No,14,7,2,4,No
EMP01062,34,Male,Finance,Analyst,8300,No,2,6,2,3,No
EMP01063,23,Female,IT,Developer,9180,No,7,2,2,4,No
EMP01064,42,Female,Marketing,Analyst,4854,No,11,7,4,3,No
EMP01065,24,Male,Marketing,Analyst,7678,No,21,3,3,2,No
EMP01066,39,Female,HR,Senior Manager,14136,No,11,8,3,3,No
EMP01067,28,Female,HR,Analyst,8065,Yes,19,1,1,3,No
EMP01068,39,Female,Sales,Executive,4323,Yes,8,4,3,3,No
EMP01069,26,Female,Finance,Specialist,5797,No,18,0,3,3,No
EMP01070,56,Male,HR,Senior Manager,22960,No,25,14,4,4,No
EMP01071,41,Female,Sales,Specialist,8954,No,6,5,3,3,No
EMP01072,40,Female,IT,Senior Manager,19665,Yes,3,10,3,2,No
EMP01073,39,Male,HR,Manager,10327,No,29,8,3,2,No
EMP01074,29,Male,IT,Analyst,6218,No,8,0,3,3,No
EMP01075,39,Male,Finance,Analyst,6308,No,28,4,3,3,No
EMP01076,27,Male,HR,Analyst,8018,Yes,29,0,3,3,No
EMP01077,40,Male,Sales,Analyst,7247,No,27,6,4,2,No
EMP01078,25,Male,IT,Analyst,6349,No,9,1,3,4,No
EMP01079,46,Male,HR,Specialist,9162,No,15,4,3,3,No
EMP01080,43,Male,IT,Manager,13433,No,10,10,2,2,No
EMP01081,31,Male,Finance,Specialist,7157,Yes,9,1,2,2,No
EMP01082,35,Male,Marketing,Analyst,8417,No,11,5,3,4,No
EMP01083,37,Female,HR,Executive,5211,No,13,2,3,3,No
EMP01084,24,Male,Finance,Specialist,5219,No,6,1,2,4,No
EMP01085,23,Female,IT,Developer,10887,No,15,1,3,3,No
EMP01086,27,Female,Marketing,Analyst,5760,Yes,13,2,4,3,Yes
EMP01087,47,Male,IT,Manager,12978,No,8,10,3,3,No
EMP01088,33,Female,IT,Manager,13905,Yes,14,2,3,3,No
EMP01089,45,Male,IT,Developer,12372,No,4,6,3,2,No
EMP01090,41,Female,Marketing,Analyst,5175,Yes,19,4,3,3,No
EMP01091,60,Male,IT,Senior Manager,17999,No,31,15,3,2,No
EMP01092,31,Male,Finance,Executive,7401,No,9,1,3,4,No
EMP01093,30,Male,Finance,Analyst,6935,Yes,9,0,3,1,No
EMP01094,38,Male,IT,Developer,12136,No,17,6,1,3,No
EMP01095,38,Male,Marketing,Analyst,4746,No,17,5,4,2,No
EMP01096,33,Female,HR,Analyst,7121,Yes,3,4,3,3,No
EMP01097,56,Male,Sales,Senior Manager,20372,No,2,18,3,2,No
EMP01098,47,Male,HR,Manager,12677,No,5,12,3,4,No
EMP01099,32,Male,Sales,Executive,6332,Yes,12,1,3,2,No
EMP01100,42,Male,IT,Senior Manager,21807,No,12,8,1,3,No
EMP01101,25,Female,Finance,Specialist,8628,No,32,1,3,2,No
EMP01102,34,Female,Marketing,Manager,15282,No,10,6,3,3,No
EMP01103,40,Female,IT,Developer,10539,No,3,8,3,4,No
EMP01104,42,Male,IT,Developer,10302,Yes,8,0,3,3,No
EMP01105,45,Male,IT,Developer,11916,Yes,27,5,3,2,Yes
EMP01106,37,Male,Marketing,Executive,7617,No,9,3,2,3,No
EMP01107,40,Female,IT,Developer,11707,No,10,6,4,3,No
EMP01108,50,Female,Marketing,Manager,14804,No,19,14,3,2,No
EMP01109,36,Female,Marketing,Executive,4173,No,27,0,3,3,Yes
EMP01110,42,Female,IT,Developer,10925,No,5,8,3,3,Yes
EMP01111,42,Female,HR,Specialist,8912,No,20,6,3,3,No
EMP01112,38,Male,Sales,Executive,5869,Yes,4,3,2,3,Yes
EMP01113,41,Male,Finance,Analyst,8388,Yes,32,4,3,2,No
EMP01114,40,Male,IT,Developer,6325,Yes,8,7,3,2,No
EMP01115,32,Male,IT,Developer,8455,No,20,7,2,2,No
EMP01116,40,Male,Marketing,Specialist,8238,Yes,32,5,4,2,Yes
EMP01117,22,Male,HR,Analyst,6952,Yes,5,1,3,2,No
EMP01118,28,Male,Sales,Analyst,7359,No,22,0,2,4,No
EMP01119,42,Female,Finance,Analyst,6371,No,22,1,3,4,No
EMP01120,32,Male,Marketing,Executive,5560,No,18,0,2,2,No
EMP01121,23,Male,Sales,Executive,6689,Yes,22,1,3,3,Yes
EMP01122,25,Male,HR,Analyst,8010,No,7,2,2,4,No
EMP01123,38,Female,HR,Specialist,5951,No,2,6,3,2,No
EMP01124,35,Female,Sales,Analyst,6225,Yes,6,2,4,3,Yes
EMP01125,33,Male,Sales,Executive,6295,Yes,18,7,3,3,No
EMP01126,23,Male,Finance,Analyst,8355,No,36,0,2,1,No
EMP01127,38,Male,HR,Executive,7360,Yes,15,4,3,1,No
EMP01128,26,Male,Finance,Analyst,7673,No,29,0,3,3,No
EMP01129,40,Male,Sales,Executive,6494,No,5,6,3,2,No
EMP01130,44,Male,IT,Developer,10426,No,9,2,3,1,Yes
EMP01131,36,Male,IT,Developer,8429,No,18,2,3,3,No
EMP01132,30,Male,HR,Specialist,6794,Yes,5,2,3,2,No
EMP01133,35,Female,Sales,Manager,14252,No,11,0,4,2,No
EMP01134,32,Female,IT,Developer,6455,No,16,0,2,4,No
EMP01135,45,Male,IT,Developer,11934,Yes,5,3,2,3,No
EMP01136,39,Female,IT,Developer,9879,No,11,9,4,4,No
EMP01137,36,Male,Sales,Executive,6346,Yes,4,0,3,2,No
EMP01138,50,Female,Marketing,Manager,15510,Yes,10,9,3,3,No
EMP01139,22,Male,Marketing,Analyst,4840,No,44,1,3,2,No
EMP01140,32,Female,IT,Specialist,5513,Yes,4,0,3,3,No
EMP01141,39,Male,IT,Analyst,6202,No,2,0,2,4,No
EMP01142,54,Male,IT,Manager,14167,No,16,11,4,4,No
EMP01143,48,Male,IT,Manager,13845,No,27,11,4,3,No
EMP01144,37,Female,IT,Developer,10146,No,30,7,3,3,No
EMP01145,31,Female,Sales,Executive,5903,No,24,1,2,2,Yes
EMP01146,31,Female,IT,Specialist,5556,No,17,4,3,3,No
EMP01147,38,Female,IT,Manager,13043,No,6,9,3,4,No
EMP01148,51,Female,Sales,Senior Manager,15861,No,7,15,2,3,No
EMP01149,29,Female,Finance,Analyst,8029,Yes,22,2,3,3,No
EMP01150,30,Male,Sales,Manager,11965,No,22,3,1,4,Yes
EMP01151,59,Male,IT,Senior Manager,23500,No,10,19,3,3,No
EMP01152,56,Male,Finance,Senior Manager,23500,No,17,16,3,3,No
EMP01153,39,Female,HR,Analyst,5303,Yes,6,0,3,2,No
EMP01154,39,Male,Marketing,Executive,6221,No,5,0,3,3,No
EMP01155,35,Male,IT,Executive,4491,Yes,21,0,3,2,No
EMP01156,35,Female,IT,Developer,9919,No,2,6,3,3,No
EMP01157,25,Female,HR,Analyst,5646,No,5,3,4,4,No
EMP01158,47,Male,IT,Manager,12136,Yes,9,7,4,4,No
EMP01159,24,Male,Finance,Analyst,7797,No,2,0,3,4,No
EMP01160,40,Male,Sales,Specialist,5627,No,3,5,3,3,No
EMP01161,44,Male,Sales,Senior Manager,14152,Yes,14,9,3,2,No
EMP01162,23,Female,Marketing,Analyst,7327,No,5,2,2,3,No
EMP01163,37,Male,Sales,Developer,6797,Yes,50,5,4,3,No
EMP01164,44,Male,IT,Developer,9729,No,5,5,3,2,No
EMP01165,34,Male,Marketing,Analyst,8272,No,22,7,3,3,No
EMP01166,35,Female,IT,Executive,5857,No,12,2,4,4,Yes
EMP01167,44,Female,IT,Manager,16505,No,44,13,3,2,No
EMP01168,23,Male,IT,Developer,9022,Yes,13,0,4,2,No
EMP01169,39,Male,Finance,Manager,11821,No,9,7,3,3,No
EMP01170,42,Female,Sales,Specialist,6470,Yes,2,7,3,2,No
EMP01171,38,Female,HR,Analyst,7496,No,3,1,1,3,No
EMP01172,38,Male,IT,Developer,9011,Yes,8,3,3,4,No
EMP01173,47,Female,Sales,Manager,14553,No,28,8,4,1,No
EMP01174,55,Female,Marketing,Senior Manager,20474,No,9,14,3,3,No
EMP01175,42,Male,HR,Manager,15229,No,1,6,1,3,No
EMP01176,25,Female,Sales,Developer,11813,No,7,0,2,3,No
EMP01177,36,Male,HR,Executive,4768,No,5,4,2,3,No
EMP01178,40,Female,Finance,Analyst,8244,No,3,3,3,3,No
EMP01179,24,Male,Sales,Executive,7024,No,4,2,3,1,No
EMP01180,45,Male,Marketing,Manager,12140,No,3,7,3,3,No
EMP01181,39,Female,IT,Developer,11721,Yes,5,4,3,2,No
EMP01182,27,Male,Sales,Executive,4009,No,25,0,3,4,No
EMP01183,29,Male,HR,Specialist,8358,No,9,8,3,3,No
EMP01184,23,Male,Sales,Executive,5365,Yes,21,2,3,3,No
EMP01185,38,Male,Finance,Specialist,7992,No,50,4,3,4,No
EMP01186,41,Male,Finance,Senior Manager,13975,Yes,12,6,4,4,No
EMP01187,31,Female,Sales,Manager,11462,No,31,6,2,3,No
EMP01188,29,Female,IT,Analyst,6582,No,12,0,4,3,No
EMP01189,29,Male,Sales,Specialist,5117,No,28,2,3,3,No
EMP01190,34,Male,HR,Analyst,6331,No,30,3,3,3,No
EMP01191,35,Female,HR,Analyst,6413,No,3,1,2,4,No
EMP01192,37,Female,Sales,Analyst,8430,No,6,0,3,3,No
EMP01193,55,Male,IT,Senior Manager,17237,No,6,17,2,3,No
EMP01194,29,Female,Marketing,Analyst,4815,No,43,5,3,3,No
EMP01195,49,Male,Sales,Manager,15582,Yes,2,13,3,2,No
EMP01196,31,Male,Finance,Analyst,7644,No,11,8,3,2,Yes
EMP01197,54,Female,Sales,Senior Manager,18339,No,9,15,4,2,No
EMP01198,26,Female,Marketing,Analyst,5146,No,10,3,3,3,No
EMP01199,34,Female,Finance,Analyst,7200,Yes,33,4,3,3,Yes
EMP01200,57,Female,Sales,Senior Manager,23500,No,22,13,3,3,No
EMP01201,27,Female,IT,Analyst,7419,Yes,10,4,3,1,Yes
EMP01202,27,Female,Finance,Analyst,5440,No,1,0,2,2,No
EMP01203,27,Female,Finance,Analyst,6466,Yes,10,0,2,3,Yes
EMP01204,50,Female,IT,Manager,17151,No,3,9,2,4,No
EMP01205,55,Female,HR,Manager,14539,Yes,11,12,1,4,No
EMP01206,37,Female,Marketing,Executive,5797,No,14,5,3,3,No
EMP01207,37,Female,Marketing,Executive,6069,No,9,7,3,3,No
EMP01208,33,Female,IT,Developer,7152,Yes,50,4,2,3,No
EMP01209,51,Female,Marketing,Senior Manager,17448,No,25,18,3,4,No
EMP01210,34,Female,Finance,Manager,9221,No,3,3,4,3,No
EMP01211,39,Male,Finance,Senior Manager,14842,No,7,6,3,3,No
EMP01212,30,Male,Marketing,Analyst,4613,No,13,3,3,2,No
EMP01213,39,Male,IT,Analyst,5260,No,26,2,2,3,No
EMP01214,35,Female,IT,Analyst,8138,No,20,0,4,3,No
EMP01215,28,Male,Marketing,Executive,4897,Yes,24,4,2,2,Yes
EMP01216,22,Male,Sales,Executive,6867,No,6,0,2,3,No
EMP01217,34,Male,IT,Manager,13023,No,34,3,2,3,No
EMP01218,38,Male,Marketing,Analyst,5390,No,6,0,3,3,No
EMP01219,23,Male,Marketing,Analyst,5340,Yes,6,1,4,3,No
EMP01220,33,Female,Finance,Analyst,6132,No,16,1,2,4,No
EMP01221,38,Male,IT,Developer,6597,Yes,8,6,3,3,No
EMP01222,52,Female,Sales,Senior Manager,15307,Yes,2,15,3,2,No
EMP01223,47,Female,IT,Senior Manager,14419,No,21,11,3,1,No
EMP01224,45,Female,Sales,Manager,10537,No,14,7,2,3,No
EMP01225,25,Female,Sales,Analyst,5688,Yes,6,0,3,3,No
EMP01226,34,Female,Marketing,Analyst,7073,No,26,0,2,3,No
EMP01227,40,Male,IT,Executive,4641,Yes,9,8,3,1,No
EMP01228,38,Male,HR,Executive,7419,No,24,5,3,3,No
EMP01229,39,Male,Finance,Analyst,6878,No,17,6,1,4,No
EMP01230,52,Male,Sales,Manager,12704,No,15,17,2,2,No
EMP01231,29,Male,IT,Specialist,9024,Yes,27,0,3,2,No
EMP01232,41,Female,Finance,Specialist,9492,No,22,3,3,1,No
EMP01233,38,Female,IT,Developer,9936,Yes,7,3,3,4,No
EMP01234,27,Male,Marketing,Specialist,8342,Yes,27,4,3,3,No
EMP01235,36,Female,Sales,Executive,7061,Yes,11,2,4,2,No
EMP01236,35,Male,IT,Developer,6892,Yes,7,3,3,4,No
EMP01237,44,Male,IT,Developer,9465,Yes,13,1,1,4,No
EMP01238,36,Female,Sales,Specialist,8680,Yes,17,3,4,1,No
EMP01239,26,Female,Sales,Analyst,6714,No,4,1,2,3,No
EMP01240,41,Female,IT,Developer,9529,No,18,4,3,3,No
EMP01241,30,Male,Finance,Analyst,4811,Yes,5,0,1,3,Yes
EMP01242,26,Male,Marketing,Executive,6299,Yes,50,0,2,4,Yes
EMP01243,39,Male,Finance,Executive,6959,Yes,15,3,2,2,No
EMP01244,41,Female,Marketing,Analyst,7077,No,3,1,2,4,No
EMP01245,34,Female,Marketing,Analyst,6259,No,13,4,3,3,No
EMP01246,39,Female,Finance,Senior Manager,16988,No,24,11,3,3,No
EMP01247,34,Male,HR,Specialist,7439,No,17,0,3,2,No
EMP01248,37,Female,Marketing,Analyst,5235,No,1,5,3,2,No
EMP01249,37,Male,IT,Specialist,8237,Yes,1,1,2,3,No
EMP01250,27,Female,IT,Developer,9945,No,12,4,4,3,No
EMP01251,42,Male,Marketing,Specialist,9096,No,29,5,3,3,No
EMP01252,32,Female,Sales,Developer,8080,Yes,15,5,3,4,No
EMP01253,42,Male,HR,Analyst,4925,No,10,3,3,3,No
EMP01254,35,Male,Marketing,Developer,11227,Yes,13,1,3,2,No
EMP01255,34,Female,Sales,Executive,5978,No,16,0,3,3,No
EMP01256,54,Male,Marketing,Manager,10310,No,14,14,3,3,No
EMP01257,38,Female,Sales,Executive,7731,No,16,5,3,3,No
EMP01258,26,Male,Marketing,Executive,7303,No,14,3,3,4,No
EMP01259,29,Female,IT,Developer,8364,No,13,0,4,3,No
EMP01260,49,Male,IT,Senior Manager,16935,No,29,10,3,3,No
EMP01261,56,Male,Sales,Senior Manager,19147,Yes,31,16,3,3,No
EMP01262,30,Male,Marketing,Executive,4810,No,36,0,3,4,Yes
EMP01263,44,Female,Sales,Manager,11362,Yes,21,10,1,3,No
EMP01264,39,Female,Marketing,Analyst,5434,No,6,5,2,3,No
EMP01265,30,Male,IT,Developer,5763,No,15,3,3,4,No
EMP01266,39,Female,IT,Developer,8497,Yes,6,5,2,2,No
EMP01267,45,Male,Marketing,Developer,8750,Yes,25,4,4,3,Yes
EMP01268,39,Female,Marketing,Executive,5614,Yes,6,3,3,2,No
EMP01269,34,Male,HR,Developer,8518,Yes,19,2,2,2,Yes
EMP01270,28,Female,Finance,Specialist,8637,No,23,7,3,3,No
EMP01271,29,Male,IT,Analyst,5738,Yes,17,1,3,2,No
EMP01272,28,Male,Sales,Analyst,4615,No,15,2,3,3,No
EMP01273,32,Female,Sales,Executive,4167,Yes,29,2,3,3,No
EMP01274,40,Female,Marketing,Analyst,6893,Yes,18,4,2,2,No
EMP01275,33,Male,Sales,Executive,6681,Yes,6,4,4,1,No
EMP01276,45,Female,IT,Manager,12992,No,29,10,2,4,No
EMP01277,29,Male,IT,Analyst,8477,Yes,13,0,2,4,Yes
EMP01278,42,Male,IT,Developer,10477,No,20,2,2,4,No
EMP01279,24,Female,Sales,Analyst,6596,No,10,0,2,3,No
EMP01280,37,Male,Sales,Manager,10803,No,7,6,3,3,No
EMP01281,28,Female,HR,Executive,5157,Yes,12,0,4,4,No
EMP01282,54,Male,IT,Senior Manager,22192,Yes,8,16,3,3,No
EMP01283,27,Female,IT,Developer,7510,Yes,1,0,3,3,No
EMP01284,40,Female,Finance,Specialist,5354,No,8,2,2,4,No
EMP01285,36,Male,IT,Developer,8848,No,16,4,3,2,No
EMP01286,38,Female,Marketing,Manager,15075,No,13,1,3,1,No
EMP01287,30,Female,HR,Analyst,5889,Yes,31,0,3,3,Yes
EMP01288,44,Female,Finance,Manager,11942,No,13,6,2,3,No
EMP01289,44,Male,IT,Developer,11753,Yes,27,6,3,3,No
EMP01290,44,Female,Finance,Manager,15914,No,10,9,3,4,No
EMP01291,37,Female,Marketing,Executive,5454,No,28,2,4,3,No
EMP01292,26,Male,Finance,Specialist,6769,No,12,4,3,3,No
EMP01293,36,Female,Sales,Analyst,5474,No,4,5,3,3,No
EMP01294,23,Female,HR,Executive,5356,No,13,1,3,3,Yes
EMP01295,60,Male,Sales,Senior Manager,23500,No,1,18,3,4,No
EMP01296,38,Male,IT,Developer,6964,No,4,10,4,2,No
EMP01297,36,Female,Finance,Analyst,7984,No,14,7,3,2,No
EMP01298,25,Female,Finance,Analyst,8517,No,9,3,3,2,Yes
EMP01299,39,Male,HR,Analyst,8449,Yes,41,4,3,3,No
EMP01300,33,Male,HR,Analyst,4951,No,14,6,3,2,Yes
EMP01301,52,Female,Sales,Manager,12826,No,4,11,3,3,No
EMP01302,39,Male,HR,Analyst,8377,Yes,18,0,1,1,No
EMP01303,46,Female,IT,Manager,12089,No,12,8,4,4,No
EMP01304,38,Female,Finance,Manager,10972,No,33,7,3,3,No
EMP01305,26,Male,Finance,Executive,5933,No,18,0,2,3,No
EMP01306,36,Female,IT,Developer,10613,No,25,4,4,3,No
EMP01307,33,Male,HR,Analyst,4966,No,37,3,3,3,No
EMP01308,32,Female,Sales,Analyst,8269,Yes,16,2,3,3,No
EMP01309,28,Female,Finance,Analyst,8517,Yes,25,2,3,2,Yes
EMP01310,38,Female,IT,Developer,8879,No,21,2,3,4,No
EMP01311,44,Male,IT,Developer,8978,No,19,8,3,3,No
EMP01312,24,Male,IT,Developer,7834,Yes,7,0,3,3,No
EMP01313,52,Male,Finance,Senior Manager,21648,No,10,15,3,3,No
EMP01314,39,Male,IT,Developer,6553,No,2,5,1,3,Yes
EMP01315,29,Male,HR,Analyst,4957,No,15,0,3,3,No
EMP01316,44,Male,IT,Specialist,7055,No,50,3,2,4,Yes
EMP01317,33,Female,Sales,Executive,4633,Yes,7,2,2,2,Yes
EMP01318,23,Male,Marketing,Analyst,5654,No,2,1,4,3,No
EMP01319,23,Female,IT,Developer,10284,No,29,0,4,4,No
EMP01320,35,Male,Sales,Executive,4874,No,7,0,4,3,No
EMP01321,25,Female,Finance,Executive,6663,No,26,0,2,3,No
EMP01322,42,Male,Sales,Senior Manager,18868,Yes,9,5,3,3,No
EMP01323,41,Female,HR,Manager,15302,No,1,8,3,4,No
EMP01324,43,Male,IT,Developer,10911,No,10,6,4,3,No
EMP01325,45,Female,IT,Developer,9526,No,8,10,3,3,No
EMP01326,22,Male,Sales,Executive,6654,No,5,0,3,3,No
EMP01327,24,Male,Finance,Analyst,5615,No,12,2,3,4,No
EMP01328,53,Female,Finance,Manager,16366,Yes,10,13,3,3,No
EMP01329,33,Male,IT,Developer,5907,No,29,3,3,4,No
EMP01330,38,Male,Sales,Executive,4160,Yes,9,4,3,3,No
EMP01331,40,Male,Marketing,Executive,7287,No,8,3,2,3,No
EMP01332,42,Male,Finance,Analyst,5483,No,23,5,3,3,No
EMP01333,35,Male,Marketing,Analyst,8556,No,12,5,3,3,No
EMP01334,42,Male,IT,Developer,7095,No,12,4,3,3,No
EMP01335,36,Male,Sales,Executive,7276,No,14,0,4,3,No
EMP01336,25,Male,HR,Specialist,5621,No,2,1,3,3,No
EMP01337,34,Male,IT,Manager,16482,Yes,32,10,3,3,No
EMP01338,24,Male,Marketing,Analyst,5456,No,13,3,4,3,No
EMP01339,32,Female,Sales,Executive,5180,No,8,6,4,3,No
EMP01340,35,Female,Sales,Manager,14231,No,32,10,3,3,No
EMP01341,45,Male,Finance,Senior Manager,21173,No,12,10,3,4,No
EMP01342,26,Male,HR,Developer,10370,Yes,13,0,3,3,Yes
EMP01343,40,Male,Finance,Analyst,6743,No,18,3,1,2,No
EMP01344,25,Female,IT,Developer,10818,No,15,0,3,3,No
EMP01345,31,Male,IT,Developer,11968,Yes,5,0,3,4,No
EMP01346,33,Male,HR,Specialist,5570,No,26,3,4,4,No
EMP01347,37,Male,Finance,Analyst,7945,No,18,2,3,2,Yes
EMP01348,37,Male,IT,Developer,11926,No,32,0,3,3,No
EMP01349,34,Male,Sales,Specialist,6321,Yes,3,2,3,4,No
EMP01350,24,Female,Sales,Analyst,5013,No,25,0,3,2,Yes
EMP01351,29,Male,Marketing,Specialist,5123,No,30,3,3,3,Yes
EMP01352,24,Female,Marketing,Developer,11012,No,37,0,3,4,Yes
EMP01353,59,Female,IT,Senior Manager,18120,No,9,12,2,4,No
EMP01354,33,Male,IT,Manager,11107,No,8,6,4,4,No
EMP01355,52,Male,Finance,Senior Manager,19977,No,25,16,3,3,No
EMP01356,25,Male,Sales,Executive,7124,Yes,45,0,4,3,No
EMP01357,38,Male,Finance,Manager,13146,No,1,9,3,1,No
EMP01358,36,Male,IT,Analyst,6080,No,20,0,3,3,No
EMP01359,23,Female,IT,Developer,6892,No,50,0,3,3,No
EMP01360,44,Female,IT,Manager,13326,Yes,4,12,3,3,No
EMP01361,26,Male,HR,Executive,7241,Yes,27,0,3,3,No
EMP01362,51,Female,HR,Manager,13738,No,16,15,3,4,No
EMP01363,35,Male,IT,Developer,8810,Yes,13,2,3,2,No
EMP01364,35,Male,Sales,Manager,11438,No,25,3,3,4,No
EMP01365,40,Male,IT,Developer,8023,No,6,4,3,2,No
EMP01366,35,Male,Finance,Executive,6497,No,35,7,2,4,Yes
EMP01367,43,Male,HR,Specialist,8587,No,24,7,3,4,No
EMP01368,31,Female,Finance,Analyst,6627,No,7,3,4,3,No
EMP01369,37,Female,Finance,Developer,10545,No,30,2,3,3,No
EMP01370,38,Male,Marketing,Executive,4289,No,20,0,3,2,No
EMP01371,33,Female,Marketing,Specialist,5955,No,23,3,3,3,Yes
EMP01372,36,Female,Sales,Executive,5513,Yes,13,2,4,3,No
EMP01373,34,Female,Finance,Specialist,5978,No,16,3,3,2,Yes
EMP01374,40,Male,IT,Developer,12422,No,10,5,3,2,No
EMP01375,27,Male,IT,Analyst,4889,No,18,1,3,3,No
EMP01376,36,Female,IT,Developer,8817,No,19,2,3,3,No
EMP01377,37,Male,IT,Developer,6049,Yes,14,3,3,2,No
EMP01378,35,Male,HR,Analyst,6565,No,25,5,2,3,No
EMP01379,39,Male,HR,Executive,7473,No,16,3,3,2,No
EMP01380,23,Male,Finance,Analyst,6941,No,7,0,2,4,No
EMP01381,31,Female,Finance,Analyst,5029,Yes,13,2,2,3,No
EMP01382,55,Male,HR,Senior Manager,20310,No,13,15,3,3,No
EMP01383,24,Male,IT,Analyst,7484,No,25,1,4,2,No
EMP01384,27,Male,Marketing,Developer,6763,No,21,0,3,4,No
EMP01385,38,Male,Sales,Executive,7287,No,9,0,1,3,No
EMP01386,30,Female,Marketing,Analyst,6227,No,7,3,2,3,No
EMP01387,39,Male,Marketing,Specialist,5186,No,14,1,2,4,No
EMP01388,37,Female,Finance,Specialist,9335,No,22,3,2,3,No
EMP01389,33,Female,Marketing,Analyst,7342,No,39,4,3,1,No
EMP01390,39,Male,HR,Specialist,6331,No,8,8,3,2,No
EMP01391,29,Female,Sales,Analyst,4674,No,28,1,4,3,No
EMP01392,24,Female,Sales,Analyst,6219,Yes,22,3,3,3,Yes
EMP01393,23,Male,Sales,Analyst,6312,No,18,2,3,4,Yes
EMP01394,38,Female,Finance,Analyst,6479,No,6,3,3,3,No
EMP01395,38,Male,Finance,Analyst,5670,No,18,0,3,3,No
EMP01396,30,Male,Finance,Analyst,4908,Yes,21,0,2,3,Yes
EMP01397,31,Female,IT,Developer,7243,Yes,16,2,3,2,No
EMP01398,23,Female,Finance,Analyst,8021,Yes,13,0,3,3,No
EMP01399,37,Male,Finance,Analyst,8044,Yes,34,0,3,3,No
EMP01400,35,Female,Finance,Analyst,6148,No,18,4,3,2,No
EMP01401,50,Male,IT,Manager,10923,No,24,13,4,4,No
EMP01402,53,Female,IT,Manager,12557,Yes,15,13,3,3,No
EMP01403,27,Male,IT,Developer,7450,No,18,0,3,4,No
EMP01404,39,Male,IT,Analyst,8398,No,4,3,3,3,No
EMP01405,55,Male,Sales,Manager,12483,No,15,11,3,3,No
EMP01406,36,Male,IT,Developer,6772,Yes,45,4,3,3,No
EMP01407,30,Male,HR,Analyst,5254,No,32,5,2,2,No
EMP01408,39,Female,Finance,Analyst,8232,No,11,0,3,3,No
EMP01409,53,Female,HR,Manager,10228,No,30,13,3,4,No
EMP01410,49,Male,Sales,Senior Manager,18560,Yes,9,8,3,3,No
EMP01411,44,Female,IT,Specialist,7897,Yes,16,4,3,3,No
EMP01412,58,Female,Sales,Senior Manager,17146,Yes,8,13,2,3,No
EMP01413,37,Female,Finance,Analyst,7789,No,42,7,3,4,No
EMP01414,26,Male,Marketing,Analyst,5505,No,18,1,2,3,Yes
EMP01415,39,Male,Sales,Executive,7265,No,16,7,4,4,No
EMP01416,39,Female,Sales,Senior Manager,13900,No,12,6,3,3,No
EMP01417,44,Male,IT,Developer,6906,No,42,1,3,4,No
EMP01418,26,Male,Marketing,Specialist,6200,Yes,26,1,3,4,Yes
EMP01419,41,Male,IT,Developer,11683,Yes,10,4,4,2,No
EMP01420,29,Female,Marketing,Specialist,6747,No,9,4,4,3,No
EMP01421,33,Female,Finance,Executive,4390,No,18,5,4,2,No
EMP01422,31,Male,Sales,Analyst,6046,Yes,12,2,3,4,Yes
EMP01423,55,Female,Finance,Manager,16492,No,1,11,4,3,No
EMP01424,29,Male,Sales,Executive,7027,No,25,1,2,3,No
EMP01425,35,Male,IT,Developer,8086,Yes,20,6,2,2,No
EMP01426,22,Male,Finance,Executive,7180,No,15,0,2,2,No
EMP01427,23,Male,IT,Developer,6231,No,13,0,3,2,No
EMP01428,45,Female,Finance,Specialist,9797,Yes,7,6,2,3,No
EMP01429,33,Female,Marketing,Executive,5487,No,12,3,3,3,No
EMP01430,34,Male,Finance,Executive,7790,No,3,5,2,4,No
EMP01431,31,Female,IT,Developer,10517,Yes,10,7,3,1,No
EMP01432,39,Male,Finance,Senior Manager,18692,No,15,6,3,4,No
EMP01433,45,Male,Marketing,Senior Manager,23142,No,5,10,2,3,No
EMP01434,26,Male,IT,Developer,6504,No,14,4,3,2,No
EMP01435,41,Male,Sales,Developer,8907,No,3,5,3,2,No
EMP01436,40,Female,Finance,Executive,6030,No,6,6,3,3,No
EMP01437,45,Female,HR,Specialist,7083,No,32,5,3,3,No
EMP01438,42,Female,IT,Developer,9936,No,2,2,2,4,No
EMP01439,41,Female,IT,Developer,9665,No,9,1,2,3,No
EMP01440,28,Male,Marketing,Specialist,7639,No,20,0,3,3,No
EMP01441,25,Female,IT,Analyst,5576,No,47,3,3,3,No
EMP01442,37,Male,Marketing,Executive,6490,No,17,2,3,3,No
EMP01443,40,Female,IT,Developer,5807,No,8,5,4,3,No
EMP01444,43,Female,IT,Developer,12150,Yes,31,6,3,4,Yes
EMP01445,44,Male,IT,Developer,5887,No,6,7,3,2,No
EMP01446,25,Male,IT,Developer,11985,Yes,20,1,3,3,No
EMP01447,39,Male,Sales,Analyst,7289,Yes,11,3,2,3,No
EMP01448,27,Female,IT,Developer,8631,No,9,0,2,3,No
EMP01449,23,Male,Finance,Executive,5238,No,16,0,2,4,Yes
EMP01450,41,Male,Finance,Analyst,6388,No,11,5,1,3,No
EMP01451,42,Male,Finance,Manager,16281,No,3,8,3,4,No
EMP01452,26,Female,Marketing,Developer,9855,Yes,30,0,3,3,Yes
EMP01453,32,Female,Marketing,Analyst,7693,No,27,1,3,3,No
EMP01454,28,Female,Sales,Specialist,5706,No,8,0,4,4,No
EMP01455,35,Female,IT,Manager,13416,No,3,9,4,3,No
EMP01456,26,Male,Finance,Analyst,7289,Yes,17,0,3,2,No
EMP01457,29,Female,Finance,Analyst,5216,Yes,12,1,3,4,No
EMP01458,35,Male,IT,Manager,12143,No,8,5,3,4,No
EMP01459,30,Male,Finance,Analyst,8514,No,2,3,2,3,No
EMP01460,43,Male,IT,Developer,7962,No,9,1,2,2,No
EMP01461,25,Female,IT,Developer,9281,Yes,21,0,2,1,Yes
EMP01462,34,Male,HR,Analyst,8862,No,27,9,2,3,No
EMP01463,41,Female,Finance,Manager,12508,No,18,8,2,3,No
EMP01464,32,Female,IT,Developer,6192,Yes,7,2,2,4,No
EMP01465,31,Female,IT,Developer,6864,No,12,2,1,3,No
EMP01466,45,Male,Sales,Specialist,9320,No,8,4,4,3,No
EMP01467,37,Female,HR,Analyst,8269,No,19,8,2,3,No
EMP01468,26,Male,IT,Developer,9739,Yes,43,0,3,3,No
EMP01469,44,Female,IT,Developer,12951,Yes,27,10,3,3,Yes
EMP01470,37,Male,Marketing,Analyst,4735,No,5,1,3,3,No
EMP01471,39,Female,IT,Developer,8629,Yes,22,3,1,4,No
EMP01472,27,Male,HR,Specialist,8171,No,9,4,3,3,No
EMP01473,42,Female,IT,Senior Manager,23359,No,10,11,3,3,No
EMP01474,25,Male,Sales,Executive,4552,No,20,0,3,3,No
EMP01475,37,Female,HR,Developer,9221,No,13,7,2,4,Yes
EMP01476,41,Female,HR,Senior Manager,16552,No,6,7,3,3,No
EMP01477,31,Male,HR,Specialist,5304,No,10,1,3,2,Yes
EMP01478,40,Male,Sales,Executive,5821,No,17,3,3,4,No
EMP01479,35,Female,IT,Manager,16115,No,7,10,3,4,No
EMP01480,25,Male,Finance,Specialist,8135,No,14,0,3,2,No
EMP01481,38,Male,HR,Specialist,9581,No,14,7,2,4,No
EMP01482,34,Male,IT,Specialist,7130,No,5,0,3,3,No
EMP01483,46,Male,Sales,Manager,12855,No,26,15,3,3,No
EMP01484,25,Male,HR,Specialist,9404,Yes,11,0,3,2,No
EMP01485,35,Female,HR,Analyst,6854,No,24,0,3,1,No
EMP01486,30,Female,Finance,Specialist,5781,Yes,41,3,3,4,No
EMP01487,41,Female,Sales,Developer,9450,No,30,5,3,3,No
EMP01488,24,Male,Marketing,Executive,6861,Yes,3,0,3,1,No
EMP01489,25,Female,Finance,Analyst,8196,No,15,1,2,3,Yes
EMP01490,24,Male,Finance,Analyst,8190,No,19,1,3,4,No
EMP01491,25,Female,IT,Developer,7506,No,24,2,4,2,No
EMP01492,28,Female,IT,Developer,11401,No,24,2,3,1,No
EMP01493,33,Female,Finance,Analyst,4600,No,50,1,3,2,No
EMP01494,42,Male,IT,Developer,9673,No,6,6,4,4,No
EMP01495,45,Male,Sales,Specialist,6774,No,39,4,3,2,No
EMP01496,39,Male,Sales,Executive,6694,No,8,6,1,4,Yes
EMP01497,48,Female,Sales,Senior Manager,15059,No,7,13,3,4,No
EMP01498,37,Male,Finance,Manager,10820,No,3,8,1,2,No
EMP01499,42,Male,Finance,Analyst,7334,Yes,12,6,2,3,No
EMP01500,50,Female,Finance,Manager,14781,No,17,13,3,4,No
EMP01501,26,Male,Sales,Executive,6226,No,23,2,3,3,No
EMP01502,44,Male,Finance,Specialist,5653,Yes,50,9,3,3,No
EMP01503,42,Male,IT,Developer,8182,No,9,6,3,3,No
EMP01504,40,Female,Sales,Senior Manager,15161,Yes,17,11,2,3,Yes
EMP01505,28,Male,Sales,Executive,4156,No,31,1,3,3,No
EMP01506,47,Male,Finance,Senior Manager,21017,No,19,13,3,4,No
EMP01507,40,Male,IT,Developer,11491,No,4,5,3,3,No
EMP01508,40,Female,IT,Developer,9535,No,16,7,2,4,No
EMP01509,24,Male,HR,Specialist,9260,No,15,2,2,1,Yes
EMP01510,31,Male,HR,Analyst,7379,Yes,21,0,1,3,No
EMP01511,35,Female,IT,Executive,4890,Yes,17,0,3,3,No
EMP01512,31,Male,IT,Developer,11921,No,24,3,1,3,No
EMP01513,40,Female,IT,Analyst,8750,Yes,6,6,1,3,Yes
EMP01514,28,Female,Sales,Executive,6795,No,15,3,3,3,No
EMP01515,49,Male,Finance,Manager,11789,Yes,17,12,4,2,No
EMP01516,34,Female,Finance,Specialist,6955,No,7,2,2,4,No
EMP01517,26,Female,Marketing,Executive,7016,No,12,2,2,3,No
EMP01518,40,Male,Finance,Analyst,6373,No,30,1,3,3,No
EMP01519,42,Female,IT,Developer,6034,No,5,6,3,3,No
EMP01520,32,Female,Sales,Executive,4079,Yes,2,2,3,4,No
EMP01521,28,Female,IT,Developer,11569,Yes,8,0,3,1,Yes
EMP01522,38,Male,IT,Developer,6270,No,14,2,3,3,No
EMP01523,26,Male,HR,Analyst,6372,No,19,0,3,2,No
EMP01524,26,Female,IT,Developer,8519,Yes,6,2,3,2,No
EMP01525,36,Female,IT,Analyst,8113,No,17,0,2,1,No
EMP01526,39,Male,Marketing,Analyst,8580,Yes,1,4,3,3,Yes
EMP01527,25,Male,Marketing,Specialist,6145,No,10,2,3,2,No
EMP01528,22,Male,Sales,Executive,6926,No,30,0,3,2,No
EMP01529,45,Male,Sales,Senior Manager,23192,No,4,15,3,3,No
EMP01530,33,Male,HR,Analyst,5567,Yes,5,0,4,2,No
EMP01531,41,Female,HR,Analyst,8576,No,28,9,3,3,No
EMP01532,31,Male,Finance,Analyst,7631,No,12,1,3,3,No
EMP01533,22,Female,Sales,Executive,6130,No,39,0,3,1,Yes
EMP01534,29,Female,HR,Analyst,6479,No,18,1,2,3,No
EMP01535,26,Female,Finance,Analyst,4556,No,8,0,3,3,Yes
EMP01536,30,Male,Sales,Executive,6246,Yes,50,0,3,3,No
EMP01537,45,Male,HR,Manager,14099,No,28,11,2,4,No
EMP01538,25,Female,Sales,Specialist,6659,No,23,0,3,3,No
EMP01539,39,Male,Finance,Analyst,7821,No,6,5,3,4,No
EMP01540,41,Female,IT,Developer,6073,No,2,7,3,2,No
EMP01541,33,Male,Finance,Analyst,4916,No,23,4,3,3,No
EMP01542,33,Male,HR,Analyst,6051,No,19,0,3,3,No
EMP01543,40,Female,IT,Developer,12127,Yes,6,3,2,1,No
EMP01544,31,Female,IT,Analyst,8647,Yes,9,3,3,3,No
EMP01545,40,Female,IT,Developer,7571,No,1,0,1,3,No
EMP01546,24,Male,IT,Specialist,9260,No,11,0,2,3,No
EMP01547,33,Male,IT,Developer,11842,Yes,10,1,3,2,No
EMP01548,43,Male,IT,Developer,10604,No,13,3,4,3,No
EMP01549,29,Male,HR,Specialist,9477,Yes,14,4,3,3,Yes
EMP01550,35,Female,Finance,Analyst,5231,No,23,0,2,2,No
EMP01551,39,Female,Sales,Executive,5815,No,35,9,3,3,Yes
EMP01552,42,Female,Marketing,Analyst,8257,No,5,2,3,3,No
EMP01553,38,Male,Sales,Specialist,6944,No,16,6,3,3,No
EMP01554,27,Female,IT,Developer,8212,No,1,5,1,4,No
EMP01555,49,Male,Finance,Manager,14889,No,6,13,3,3,No
EMP01556,42,Female,Marketing,Specialist,9472,Yes,6,6,3,2,Yes
EMP01557,40,Female,Finance,Senior Manager,22236,No,21,10,2,4,No
EMP01558,41,Female,IT,Manager,11623,Yes,21,12,2,3,No
EMP01559,39,Female,IT,Developer,6762,No,23,6,4,3,No
EMP01560,35,Female,IT,Developer,5662,No,9,1,3,4,Yes
EMP01561,35,Male,Marketing,Manager,13083,No,22,7,4,3,No
EMP01562,45,Male,IT,Developer,6854,No,10,10,2,3,No
EMP01563,37,Male,Finance,Analyst,4897,No,25,4,2,3,No
EMP01564,39,Female,HR,Analyst,5339,No,16,1,4,2,No
EMP01565,38,Female,Marketing,Executive,6597,Yes,39,2,2,3,Yes
EMP01566,27,Male,IT,Developer,8156,No,14,6,2,2,No
EMP01567,51,Male,HR,Manager,14789,Yes,19,17,3,2,No
EMP01568,31,Male,Finance,Specialist,5915,No,4,5,4,3,No
EMP01569,26,Female,IT,Developer,7852,Yes,20,2,3,2,Yes
EMP01570,29,Female,Sales,Specialist,5649,No,9,0,2,3,Yes
EMP01571,30,Female,IT,Developer,9790,No,29,8,2,2,Yes
EMP01572,54,Female,HR,Senior Manager,15836,No,6,17,3,2,No
EMP01573,32,Male,IT,Specialist,5254,No,21,5,3,4,No
EMP01574,51,Male,Sales,Senior Manager,22787,No,8,16,4,3,No
EMP01575,34,Female,HR,Analyst,6831,No,30,4,4,2,No
EMP01576,28,Male,IT,Developer,8178,No,47,2,3,4,No
EMP01577,31,Female,Finance,Analyst,7121,No,12,0,3,4,No
EMP01578,52,Female,IT,Senior Manager,15801,No,26,15,3,3,No
EMP01579,23,Female,IT,Developer,6680,No,12,1,3,3,Yes
EMP01580,45,Male,IT,Manager,10201,No,21,11,1,4,No
EMP01581,49,Male,IT,Senior Manager,20710,No,16,16,3,4,No
EMP01582,35,Female,HR,Analyst,7594,No,21,5,3,2,Yes
EMP01583,42,Female,Finance,Analyst,6767,No,19,4,3,3,No
EMP01584,39,Male,IT,Developer,6675,Yes,20,8,3,2,No
EMP01585,39,Female,HR,Analyst,5175,No,1,2,3,4,No
EMP01586,44,Male,Finance,Developer,11961,No,11,6,1,3,No
EMP01587,33,Female,IT,Developer,6395,Yes,17,3,3,2,No
EMP01588,31,Female,HR,Analyst,7966,No,9,3,3,4,No
EMP01589,40,Female,HR,Specialist,6940,No,2,5,3,3,No
EMP01590,22,Male,Sales,Analyst,7815,No,38,1,4,2,No
EMP01591,25,Male,Finance,Analyst,6335,No,32,2,3,3,Yes
EMP01592,38,Male,Marketing,Analyst,7614,No,15,3,3,4,No
EMP01593,41,Male,Marketing,Analyst,7454,No,28,0,1,3,No
EMP01594,41,Female,HR,Analyst,7461,No,7,3,3,3,No
EMP01595,22,Male,Finance,Executive,4953,No,14,0,3,4,No
EMP01596,40,Female,HR,Specialist,6756,No,20,7,2,3,No
EMP01597,44,Male,Finance,Senior Manager,22156,No,26,10,3,3,Yes
EMP01598,28,Female,HR,Analyst,7596,No,20,5,3,2,No
EMP01599,36,Female,HR,Executive,7717,No,14,7,2,4,No
EMP01600,29,Female,Finance,Analyst,6302,No,34,3,3,3,No
EMP01601,49,Female,Marketing,Manager,15472,No,9,13,4,3,No
EMP01602,31,Male,IT,Developer,11427,No,1,0,3,2,Yes
EMP01603,34,Female,Sales,Executive,7459,No,8,0,3,3,No
EMP01604,36,Male,IT,Specialist,6708,No,10,0,2,3,No
EMP01605,39,Male,HR,Analyst,6394,No,25,1,2,3,No
EMP01606,25,Female,IT,Analyst,7247,No,39,0,3,3,No
EMP01607,40,Male,IT,Developer,6052,No,7,3,3,3,No
EMP01608,42,Male,Finance,Specialist,5282,No,10,5,4,2,No
EMP01609,35,Male,HR,Manager,14463,No,19,7,3,4,No
EMP01610,29,Female,Finance,Analyst,4880,No,20,3,3,4,No
EMP01611,33,Female,Sales,Analyst,5167,Yes,7,6,2,3,Yes
EMP01612,55,Male,IT,Manager,11509,Yes,36,11,3,3,No
EMP01613,55,Male,Finance,Manager,15246,No,18,19,2,3,No
EMP01614,39,Male,Marketing,Executive,6103,No,26,2,2,3,Yes
EMP01615,34,Male,HR,Executive,6569,No,7,0,3,3,No
EMP01616,25,Male,Marketing,Analyst,5248,Yes,23,2,1,2,Yes
EMP01617,33,Male,Sales,Executive,4420,Yes,9,0,2,2,No
EMP01618,30,Male,Finance,Specialist,10000,No,12,7,3,2,No
EMP01619,44,Female,Sales,Manager,12472,No,21,6,2,3,No
EMP01620,24,Male,Sales,Specialist,7475,Yes,29,3,2,1,Yes
EMP01621,29,Female,Finance,Analyst,7838,No,18,0,2,2,No
EMP01622,32,Female,IT,Developer,11364,No,6,1,3,2,No
EMP01623,44,Male,Finance,Specialist,8712,Yes,22,9,2,2,Yes
EMP01624,25,Male,Sales,Executive,5098,No,22,0,3,4,Yes
EMP01625,39,Male,Sales,Senior Manager,18326,No,31,3,3,4,No
EMP01626,26,Female,Sales,Specialist,7019,Yes,11,1,3,3,No
EMP01627,22,Female,Finance,Analyst,4549,No,7,0,2,4,Yes
EMP01628,39,Male,IT,Developer,10359,No,39,3,2,2,No
EMP01629,25,Female,Sales,Executive,4143,No,7,3,2,3,No
EMP01630,31,Male,Sales,Executive,6136,Yes,5,3,4,3,No
EMP01631,38,Female,IT,Developer,11513,No,34,5,1,2,No
EMP01632,36,Male,Marketing,Specialist,7873,No,9,3,3,3,No
EMP01633,60,Male,HR,Senior Manager,19855,No,10,14,3,4,No
EMP01634,25,Male,HR,Specialist,6089,No,9,0,2,3,No
EMP01635,29,Male,Marketing,Executive,7049,Yes,21,0,3,2,No
EMP01636,37,Female,Sales,Executive,6836,No,10,0,3,4,No
EMP01637,37,Male,Finance,Developer,11922,No,8,1,3,4,No
EMP01638,41,Female,HR,Specialist,6909,Yes,17,11,3,2,No
EMP01639,29,Male,Sales,Executive,4405,Yes,17,0,3,3,No
EMP01640,37,Female,IT,Specialist,5803,No,13,2,3,4,No
EMP01641,45,Male,IT,Senior Manager,15939,No,11,7,4,3,No
EMP01642,24,Female,Finance,Analyst,7190,Yes,11,0,3,3,No
EMP01643,43,Male,IT,Manager,11656,No,16,5,3,4,No
EMP01644,28,Female,Finance,Analyst,5480,No,11,0,3,3,Yes
EMP01645,37,Female,IT,Analyst,7132,Yes,5,1,3,3,No
EMP01646,36,Female,IT,Developer,6492,No,18,2,3,2,No
EMP01647,45,Male,IT,Developer,9902,Yes,2,3,3,1,No
EMP01648,50,Male,IT,Senior Manager,22399,No,6,14,2,3,No
EMP01649,28,Male,HR,Executive,5385,No,35,0,3,3,No
EMP01650,46,Male,HR,Specialist,7126,Yes,35,8,3,4,Yes
EMP01651,27,Female,Finance,Analyst,6146,Yes,9,4,3,2,No
EMP01652,37,Female,IT,Specialist,7653,Yes,11,6,4,1,No
EMP01653,34,Male,Sales,Analyst,8393,No,19,1,3,3,No
EMP01654,41,Female,IT,Analyst,4904,Yes,2,7,2,3,No
EMP01655,40,Female,IT,Manager,16160,Yes,19,10,3,3,No
EMP01656,38,Male,IT,Specialist,9651,No,24,4,1,1,No
EMP01657,42,Male,HR,Manager,9447,No,22,6,3,4,No
EMP01658,31,Male,IT,Developer,5964,No,18,0,2,2,Yes
EMP01659,30,Male,IT,Developer,10778,No,12,1,3,4,No
EMP01660,51,Female,Finance,Manager,11991,No,14,12,3,4,No
EMP01661,34,Male,Sales,Manager,13772,No,14,0,4,3,No
EMP01662,34,Female,IT,Analyst,5599,No,22,3,3,3,No
EMP01663,45,Female,Finance,Manager,15269,No,27,9,3,4,No
EMP01664,31,Female,IT,Developer,5688,Yes,30,0,2,2,No
EMP01665,49,Male,Sales,Manager,17163,Yes,38,11,4,4,No
EMP01666,44,Male,IT,Manager,11229,No,32,11,2,1,No
EMP01667,32,Male,Finance,Executive,5618,No,9,3,2,4,No
EMP01668,45,Male,IT,Developer,9822,No,23,4,3,4,No
EMP01669,43,Male,Sales,Manager,9769,Yes,22,9,2,2,No
EMP01670,44,Male,IT,Specialist,5304,Yes,24,4,3,3,Yes
EMP01671,30,Male,HR,Specialist,7207,No,8,5,3,2,No
EMP01672,42,Male,HR,Specialist,7842,No,19,6,3,2,No
EMP01673,32,Female,Marketing,Executive,4018,No,3,0,3,3,No
EMP01674,47,Female,Sales,Senior Manager,15207,No,50,15,3,3,No
EMP01675,48,Female,Finance,Manager,13631,No,10,12,3,4,No
EMP01676,22,Male,HR,Analyst,8499,No,12,0,3,3,No
EMP01677,31,Female,IT,Developer,6128,Yes,30,7,1,3,No
EMP01678,41,Male,IT,Manager,11607,No,15,6,4,4,No
EMP01679,28,Male,IT,Developer,8467,No,14,2,3,4,No
EMP01680,51,Male,Finance,Manager,13847,Yes,8,12,3,4,No
EMP01681,38,Female,Finance,Specialist,5951,Yes,15,4,3,2,No
EMP01682,45,Female,Finance,Specialist,8088,No,15,3,3,3,No
EMP01683,42,Female,Sales,Manager,10583,No,22,9,3,4,No
EMP01684,34,Male,HR,Executive,4381,No,38,3,2,2,No
EMP01685,46,Female,Finance,Specialist,6516,No,15,5,2,2,No
EMP01686,53,Female,Sales,Manager,12426,No,18,11,1,4,No
EMP01687,37,Female,IT,Manager,12606,Yes,7,3,4,3,No
EMP01688,37,Female,Sales,Analyst,5290,Yes,2,6,2,1,Yes
EMP01689,57,Female,IT,Senior Manager,19986,No,6,13,2,3,No
EMP01690,32,Male,IT,Analyst,6562,Yes,4,0,3,2,No
EMP01691,32,Female,IT,Developer,6499,Yes,13,6,2,3,No
EMP01692,39,Female,Sales,Executive,7296,Yes,12,6,3,2,No
EMP01693,49,Female,IT,Senior Manager,23500,Yes,2,14,3,2,No
EMP01694,44,Male,Finance,Senior Manager,18296,No,3,14,3,2,Yes
EMP01695,43,Female,Sales,Manager,15355,No,19,5,2,3,No
EMP01696,30,Male,IT,Developer,8213,No,24,4,2,4,No
EMP01697,38,Female,HR,Senior Manager,16510,Yes,13,4,3,3,No
EMP01698,39,Female,IT,Developer,10266,No,18,5,2,3,No
EMP01699,32,Male,Sales,Executive,6807,No,12,0,3,3,No
EMP01700,37,Female,HR,Analyst,6439,No,1,2,4,3,No
EMP01701,23,Male,HR,Executive,4069,No,30,0,3,4,Yes
EMP01702,32,Female,Sales,Executive,5141,No,23,0,3,4,No
EMP01703,52,Female,IT,Senior Manager,21646,Yes,9,14,3,2,No
EMP01704,42,Male,IT,Manager,11529,No,6,13,3,2,No
EMP01705,24,Female,IT,Developer,11671,Yes,27,0,3,2,Yes
EMP01706,35,Female,Sales,Analyst,8552,No,29,1,3,3,No
EMP01707,45,Male,IT,Developer,6053,No,19,6,3,3,No
EMP01708,41,Male,IT,Developer,10463,No,16,9,2,3,No
EMP01709,45,Male,Finance,Manager,12189,No,16,10,3,4,No
EMP01710,32,Female,HR,Specialist,9485,No,13,0,3,4,No
EMP01711,30,Female,Sales,Specialist,7810,Yes,13,0,4,3,No
EMP01712,31,Female,Sales,Analyst,8489,No,19,1,1,2,No
EMP01713,34,Female,HR,Analyst,6582,Yes,24,2,2,3,No
EMP01714,38,Female,IT,Developer,8717,No,28,1,2,3,Yes
EMP01715,26,Male,Marketing,Executive,4173,Yes,11,2,3,3,No
EMP01716,45,Female,IT,Developer,7583,No,3,3,3,4,No
EMP01717,38,Male,Finance,Analyst,7448,No,34,1,3,3,No
EMP01718,25,Female,IT,Analyst,7557,Yes,14,1,3,4,No
EMP01719,37,Female,HR,Manager,16866,No,21,7,3,3,No
EMP01720,38,Male,Marketing,Executive,5857,Yes,14,4,3,2,No
EMP01721,25,Male,Finance,Analyst,6339,No,19,3,4,2,Yes
EMP01722,44,Male,IT,Developer,7648,No,15,6,3,2,No
EMP01723,27,Male,IT,Developer,10197,No,50,1,2,3,No
EMP01724,40,Male,Finance,Manager,13348,No,19,9,3,3,No
EMP01725,56,Female,Marketing,Senior Manager,15483,No,22,20,4,3,No
EMP01726,31,Female,IT,Developer,9848,No,10,4,3,4,No
EMP01727,48,Female,HR,Senior Manager,17725,Yes,7,13,2,3,No
EMP01728,45,Male,Marketing,Manager,16251,No,8,7,2,3,No
EMP01729,33,Female,Sales,Executive,5349,Yes,17,0,4,3,No
EMP01730,38,Female,HR,Executive,5038,No,16,7,3,3,No
EMP01731,38,Female,Sales,Executive,6919,No,8,4,2,3,No
EMP01732,41,Male,IT,Developer,7025,No,18,5,4,4,No
EMP01733,29,Female,Sales,Analyst,8226,No,9,0,3,3,No
EMP01734,40,Male,Finance,Analyst,8326,No,9,4,3,4,No
EMP01735,36,Female,IT,Developer,7503,Yes,11,4,3,2,No
EMP01736,43,Female,IT,Developer,10721,Yes,10,4,3,3,No
EMP01737,34,Female,Finance,Analyst,7154,No,23,0,3,2,No
EMP01738,27,Male,Marketing,Analyst,5983,No,17,0,3,4,No
EMP01739,32,Female,Sales,Executive,5794,No,4,0,3,3,No
EMP01740,49,Female,IT,Senior Manager,18396,No,10,13,2,3,No
EMP01741,40,Female,Sales,Executive,6100,No,30,2,3,3,Yes
EMP01742,59,Male,Finance,Senior Manager,21461,No,18,17,1,3,Yes
EMP01743,33,Female,Sales,Executive,6085,Yes,5,2,2,2,No
EMP01744,23,Male,Finance,Analyst,4574,No,9,0,4,2,Yes
EMP01745,30,Male,IT,Developer,8166,Yes,36,3,3,3,No
EMP01746,40,Male,Marketing,Executive,5113,No,1,1,3,4,No
EMP01747,33,Female,Marketing,Executive,5812,Yes,6,4,3,4,No
EMP01748,27,Male,Sales,Executive,5437,No,15,0,2,3,Yes
EMP01749,32,Female,HR,Specialist,7078,No,13,2,3,3,No
EMP01750,29,Male,Sales,Executive,4321,No,5,0,3,3,No
EMP01751,24,Male,IT,Developer,7915,Yes,4,0,3,2,Yes
EMP01752,54,Female,Sales,Manager,13040,No,41,14,3,2,No
EMP01753,38,Female,Finance,Analyst,7317,No,4,4,3,2,No
EMP01754,24,Male,Marketing,Executive,6179,Yes,26,0,2,3,No
EMP01755,23,Male,Marketing,Analyst,6933,No,13,0,4,4,No
EMP01756,24,Male,Sales,Executive,5265,No,20,0,3,4,No
EMP01757,24,Female,IT,Developer,9990,No,11,1,3,4,No
EMP01758,28,Male,HR,Analyst,8254,No,17,5,2,2,No
EMP01759,37,Male,IT,Developer,7763,No,10,2,3,2,No
EMP01760,27,Female,Finance,Developer,8035,No,24,3,3,3,No
EMP01761,39,Male,IT,Developer,12048,No,41,4,2,3,No
EMP01762,39,Female,Sales,Analyst,8156,Yes,35,4,3,2,Yes
EMP01763,44,Male,HR,Specialist,7780,Yes,3,8,3,4,No
EMP01764,44,Male,IT,Developer,10356,Yes,14,3,3,2,No
EMP01765,49,Male,Marketing,Manager,9995,No,35,8,3,4,No
EMP01766,34,Male,Marketing,Manager,14503,No,22,3,3,4,No
EMP01767,41,Male,Finance,Analyst,6158,No,11,3,3,2,No
EMP01768,40,Male,HR,Specialist,7652,No,30,6,2,3,No
EMP01769,31,Male,Finance,Analyst,5682,No,10,2,3,4,No
EMP01770,48,Male,HR,Manager,10888,No,10,10,3,4,No
EMP01771,29,Female,Sales,Specialist,5662,No,18,6,4,1,No
EMP01772,44,Male,IT,Developer,7270,Yes,18,7,3,3,No
EMP01773,25,Female,HR,Specialist,9048,No,4,0,3,3,No
EMP01774,24,Male,IT,Developer,8744,Yes,10,0,2,3,No
EMP01775,31,Male,IT,Developer,11315,Yes,18,0,3,3,No
EMP01776,29,Male,Sales,Analyst,8206,Yes,3,1,3,3,No
EMP01777,46,Female,Sales,Senior Manager,15208,No,6,14,4,3,No
EMP01778,32,Female,Sales,Executive,5643,No,11,0,3,2,No
EMP01779,45,Male,Finance,Specialist,9049,No,14,7,2,1,No
EMP01780,34,Male,IT,Developer,8489,No,24,5,3,3,No
EMP01781,24,Female,IT,Analyst,6911,No,50,0,3,3,No
EMP01782,45,Female,IT,Senior Manager,20275,No,13,16,3,2,No
EMP01783,43,Male,Sales,Specialist,7908,No,8,9,4,3,No
EMP01784,42,Female,Finance,Senior Manager,21376,Yes,43,7,3,4,No
EMP01785,38,Male,IT,Developer,6004,Yes,4,3,3,3,No
EMP01786,41,Male,IT,Developer,10148,No,50,6,3,2,No
EMP01787,37,Female,Finance,Specialist,5552,No,9,7,4,3,No
EMP01788,35,Male,IT,Developer,8941,Yes,8,3,1,1,Yes
EMP01789,28,Female,Marketing,Executive,6821,No,14,0,2,3,No
EMP01790,24,Male,Sales,Analyst,7497,Yes,14,0,2,2,Yes
EMP01791,40,Male,IT,Developer,8824,No,16,7,3,3,No
EMP01792,33,Male,HR,Analyst,6240,No,15,4,3,4,No
EMP01793,33,Female,Finance,Executive,5078,No,3,2,2,4,No
EMP01794,49,Male,IT,Manager,12512,No,7,13,3,3,No
EMP01795,52,Female,Finance,Manager,10436,Yes,2,13,3,3,No
EMP01796,31,Female,IT,Executive,4641,No,16,4,3,3,No
EMP01797,32,Male,Marketing,Specialist,5490,No,18,1,3,2,No
EMP01798,44,Female,IT,Manager,16301,Yes,9,11,1,3,No
EMP01799,29,Female,IT,Developer,11734,No,13,3,2,3,No
EMP01800,24,Female,HR,Specialist,9432,No,13,0,3,2,No
EMP01801,40,Female,Marketing,Executive,6859,No,29,1,1,3,No
EMP01802,43,Female,IT,Senior Manager,14990,No,7,12,2,1,No
EMP01803,46,Female,Sales,Manager,16437,No,15,12,3,3,No
EMP01804,33,Female,IT,Developer,7790,Yes,15,2,3,2,No
EMP01805,45,Male,IT,Developer,8827,Yes,15,4,3,2,No
EMP01806,28,Male,Finance,Analyst,4798,No,14,3,3,4,No
EMP01807,34,Male,IT,Developer,8935,No,7,4,4,4,No
EMP01808,30,Male,Sales,Executive,4783,No,37,0,3,3,No
EMP01809,46,Male,Sales,Specialist,7114,No,2,2,3,3,No
EMP01810,39,Male,Finance,Executive,7015,No,1,1,3,4,No
EMP01811,29,Male,Finance,Analyst,7884,Yes,7,3,2,4,No
EMP01812,24,Female,Sales,Analyst,7168,No,28,3,3,3,Yes
EMP01813,29,Male,Sales,Executive,4234,No,24,5,2,4,No
EMP01814,28,Female,HR,Executive,6958,Yes,5,0,3,3,No
EMP01815,34,Male,IT,Developer,6090,No,16,3,2,3,No
EMP01816,38,Male,Finance,Manager,12898,No,13,5,3,2,Yes
EMP01817,34,Male,Finance,Analyst,5750,No,2,0,2,4,No
EMP01818,29,Female,IT,Analyst,8313,No,18,1,2,3,No
EMP01819,39,Female,Finance,Analyst,7330,No,16,0,1,3,No
EMP01820,36,Female,Finance,Analyst,8174,No,8,0,3,4,No
EMP01821,30,Male,Sales,Executive,6553,Yes,16,1,4,3,Yes
EMP01822,25,Male,Sales,Executive,6492,Yes,13,0,3,3,No
EMP01823,35,Female,IT,Developer,6508,No,16,2,2,4,No
EMP01824,29,Male,IT,Developer,11095,No,8,0,3,3,No
EMP01825,54,Female,Marketing,Senior Manager,20925,No,5,17,3,3,No
EMP01826,45,Male,Finance,Specialist,9654,No,6,8,4,3,No
EMP01827,26,Male,IT,Developer,10689,No,11,0,3,3,No
EMP01828,40,Male,IT,Developer,6475,Yes,12,2,2,2,No
EMP01829,31,Male,Finance,Analyst,7683,Yes,12,2,3,3,No
EMP01830,26,Female,Marketing,Specialist,8650,Yes,2,0,3,3,Yes
EMP01831,27,Male,Marketing,Developer,11934,No,44,1,3,3,No
EMP01832,22,Male,Marketing,Executive,5285,Yes,9,0,3,3,No
EMP01833,42,Male,HR,Analyst,8080,No,9,3,3,4,No
EMP01834,42,Female,Sales,Manager,14298,No,24,6,3,4,No
EMP01835,52,Female,HR,Senior Manager,16527,Yes,40,16,3,4,Yes
EMP01836,29,Male,IT,Developer,10730,No,9,0,2,1,No
EMP01837,34,Female,HR,Specialist,6075,No,2,6,1,3,No
EMP01838,39,Male,Sales,Executive,4898,No,32,4,3,4,No
EMP01839,38,Male,HR,Analyst,8014,Yes,24,4,3,2,Yes
EMP01840,30,Male,Finance,Analyst,6104,Yes,36,2,2,4,No
EMP01841,37,Female,Sales,Executive,4243,Yes,11,2,3,2,Yes
EMP01842,27,Female,IT,Developer,10058,Yes,34,1,4,1,Yes
EMP01843,37,Female,Sales,Executive,6481,No,19,2,2,3,No
EMP01844,25,Female,HR,Analyst,7317,No,11,4,1,3,Yes
EMP01845,24,Male,Sales,Executive,4847,No,50,3,4,3,No
EMP01846,56,Female,Marketing,Senior Manager,20694,No,29,18,3,3,No
EMP01847,27,Male,Sales,Executive,6188,No,18,0,3,3,No
EMP01848,41,Female,IT,Analyst,6667,No,17,2,3,3,No
EMP01849,36,Female,Finance,Analyst,8305,No,20,4,3,3,No
EMP01850,33,Male,HR,Manager,11752,No,6,7,3,3,No
EMP01851,30,Female,IT,Analyst,8063,Yes,14,0,4,3,No
EMP01852,30,Female,Finance,Analyst,8308,No,6,1,3,4,Yes
EMP01853,37,Female,HR,Analyst,7064,No,19,8,2,3,No
EMP01854,25,Female,Finance,Analyst,6121,Yes,28,0,3,1,No
EMP01855,45,Male,IT,Developer,12842,No,14,10,3,3,No
EMP01856,35,Female,IT,Executive,5091,No,17,2,3,4,No
EMP01857,42,Male,IT,Developer,12753,No,12,10,2,2,No
EMP01858,35,Female,IT,Analyst,6376,Yes,18,4,3,1,No
EMP01859,36,Male,IT,Developer,6347,No,43,7,3,1,Yes
EMP01860,31,Female,HR,Analyst,7981,No,1,3,3,4,No
EMP01861,26,Male,Marketing,Analyst,5155,No,23,0,3,3,No
EMP01862,35,Male,IT,Developer,10193,Yes,11,3,3,2,No
EMP01863,44,Female,Finance,Specialist,9250,Yes,24,7,3,3,No
EMP01864,28,Male,Sales,Executive,6671,Yes,20,0,4,4,Yes
EMP01865,45,Female,IT,Developer,6035,Yes,33,9,3,3,No
EMP01866,38,Female,Finance,Analyst,6739,No,31,7,3,3,No
EMP01867,37,Male,Sales,Executive,7098,Yes,28,0,2,4,Yes
EMP01868,28,Male,HR,Executive,5150,No,8,2,4,3,No
EMP01869,26,Female,Sales,Executive,4110,Yes,21,0,2,3,Yes
EMP01870,23,Male,Finance,Executive,6140,Yes,17,2,2,3,No
EMP01871,26,Female,Marketing,Analyst,8496,No,8,0,2,1,No
EMP01872,42,Female,Finance,Specialist,7361,No,3,3,3,4,No
EMP01873,29,Male,IT,Developer,6645,No,5,0,3,2,Yes
EMP01874,40,Male,Marketing,Executive,5753,No,13,4,3,1,No
EMP01875,41,Male,IT,Developer,9376,No,8,3,3,3,No
EMP01876,38,Male,Finance,Manager,10993,Yes,5,8,3,4,No
EMP01877,49,Male,HR,Manager,15713,Yes,5,7,3,1,No
EMP01878,53,Male,IT,Manager,17081,No,21,10,2,3,No
EMP01879,22,Male,Sales,Executive,7021,No,13,0,3,2,No
EMP01880,38,Male,IT,Developer,8189,No,4,4,4,3,No
EMP01881,34,Female,IT,Developer,5685,No,5,0,3,3,No
EMP01882,33,Male,Sales,Analyst,7579,Yes,6,3,3,1,Yes
EMP01883,33,Male,Sales,Developer,6961,No,23,0,3,2,Yes
EMP01884,27,Female,Sales,Analyst,8417,Yes,20,0,3,3,No
EMP01885,37,Male,Sales,Specialist,8412,No,6,4,2,3,Yes
EMP01886,34,Female,Finance,Analyst,5695,No,27,2,4,3,No
EMP01887,36,Male,Finance,Analyst,5989,Yes,24,3,3,3,No
EMP01888,38,Female,IT,Developer,10794,No,12,0,2,2,No
EMP01889,30,Female,IT,Specialist,9603,No,32,2,2,4,No
EMP01890,42,Male,Finance,Analyst,7106,No,26,5,1,3,No
EMP01891,27,Female,Sales,Executive,4112,No,9,2,2,4,No
EMP01892,23,Male,IT,Developer,9659,No,4,0,4,2,No
EMP01893,28,Male,Marketing,Analyst,8128,No,4,2,3,3,No
EMP01894,32,Male,IT,Specialist,6212,No,9,0,3,3,No
EMP01895,27,Male,Sales,Analyst,7626,Yes,37,2,3,1,No
EMP01896,31,Male,Marketing,Analyst,5215,No,23,7,3,3,No
EMP01897,39,Male,Marketing,Manager,10201,No,18,7,3,4,No
EMP01898,27,Male,Marketing,Specialist,8469,No,10,3,2,2,Yes
EMP01899,27,Male,Finance,Analyst,8305,Yes,16,0,4,3,Yes
EMP01900,25,Female,Marketing,Executive,5210,Yes,7,3,3,3,Yes
EMP01901,44,Male,Sales,Manager,11394,No,3,9,2,3,No
EMP01902,39,Male,HR,Analyst,8456,No,13,4,2,2,No
EMP01903,25,Female,Marketing,Analyst,4710,Yes,16,3,3,2,No
EMP01904,37,Male,Finance,Analyst,8679,Yes,42,3,3,2,No
EMP01905,55,Female,HR,Senior Manager,22416,No,5,18,2,4,No
EMP01906,38,Male,Sales,Analyst,5149,No,5,5,3,4,No
EMP01907,31,Male,IT,Developer,9553,No,9,2,4,1,No
EMP01908,32,Female,Finance,Analyst,7054,No,19,1,3,4,No
EMP01909,27,Male,IT,Developer,11134,No,13,0,3,3,No
EMP01910,34,Female,IT,Analyst,8117,Yes,34,1,3,3,No
EMP01911,57,Female,Marketing,Senior Manager,15799,No,10,18,2,3,No
EMP01912,29,Male,Marketing,Analyst,6045,No,6,4,2,3,No
EMP01913,37,Female,IT,Developer,8361,No,4,1,2,1,No
EMP01914,33,Female,Marketing,Executive,7018,No,40,3,4,3,Yes
EMP01915,32,Male,Marketing,Executive,6756,Yes,31,4,3,3,No
EMP01916,34,Female,Sales,Analyst,5419,Yes,13,2,3,3,No
EMP01917,24,Male,Sales,Analyst,4527,No,17,0,3,3,No
EMP01918,55,Female,Sales,Senior Manager,23435,Yes,14,20,3,2,No
EMP01919,33,Female,Sales,Manager,13807,No,50,6,3,4,No
EMP01920,25,Female,Finance,Analyst,7501,No,17,0,4,2,No
EMP01921,36,Female,Marketing,Executive,5397,No,42,4,3,4,No
EMP01922,24,Male,Marketing,Specialist,6052,No,5,0,3,4,No
EMP01923,37,Female,IT,Developer,8294,No,7,5,2,3,No
EMP01924,25,Male,Sales,Executive,5116,No,16,1,3,3,No
EMP01925,36,Female,Sales,Analyst,7511,No,14,2,3,3,No
EMP01926,30,Female,IT,Executive,6632,Yes,16,3,4,3,No
EMP01927,28,Female,Sales,Executive,4367,Yes,21,0,3,3,Yes
EMP01928,43,Male,IT,Senior Manager,18397,No,26,8,3,3,No
EMP01929,26,Male,IT,Analyst,8321,No,8,0,3,3,No
EMP01930,41,Female,HR,Senior Manager,22570,No,12,4,1,3,No
EMP01931,27,Female,Sales,Executive,5694,Yes,50,5,3,4,Yes
EMP01932,30,Male,IT,Manager,15090,No,8,2,1,4,No
EMP01933,24,Female,IT,Developer,11144,No,3,3,3,3,No
EMP01934,27,Female,IT,Developer,6327,No,8,4,3,3,No
EMP01935,25,Male,Marketing,Executive,6537,No,12,3,3,2,No
EMP01936,37,Female,HR,Executive,5546,No,2,2,4,3,No
EMP01937,26,Female,HR,Analyst,4617,No,26,0,2,3,No
EMP01938,33,Male,Marketing,Analyst,6917,No,6,0,3,3,Yes
EMP01939,26,Female,Marketing,Specialist,7109,Yes,26,0,2,3,Yes
EMP01940,46,Female,Finance,Manager,13212,No,22,12,4,2,No
EMP01941,50,Female,Finance,Manager,10985,No,13,13,2,3,No
EMP01942,37,Female,Finance,Analyst,6152,No,3,6,2,3,No
EMP01943,43,Male,Sales,Specialist,7889,No,20,7,2,4,No
EMP01944,32,Male,HR,Analyst,6558,No,5,3,3,3,Yes
EMP01945,35,Male,Finance,Analyst,7319,Yes,14,1,3,3,No
EMP01946,27,Female,Finance,Executive,5055,No,5,2,3,3,Yes
EMP01947,35,Female,IT,Developer,12158,No,5,4,4,4,No
EMP01948,50,Female,Sales,Manager,12079,No,50,14,3,3,No
EMP01949,25,Male,IT,Developer,9809,Yes,2,0,3,3,No
EMP01950,28,Female,Finance,Specialist,8523,No,12,0,4,3,No
EMP01951,42,Male,IT,Developer,6019,Yes,32,6,4,2,Yes
EMP01952,37,Female,IT,Developer,10377,No,17,4,2,4,No
EMP01953,46,Male,IT,Manager,16347,No,4,6,3,3,No
EMP01954,35,Female,Finance,Specialist,5828,Yes,11,4,3,2,No
EMP01955,42,Male,IT,Manager,15776,No,6,4,4,3,No
EMP01956,40,Female,Marketing,Analyst,5807,No,10,2,3,4,No
EMP01957,39,Male,Finance,Manager,10431,No,9,9,2,3,No
EMP01958,59,Female,IT,Senior Manager,17275,No,35,15,3,3,No
EMP01959,38,Male,HR,Specialist,6057,No,13,8,3,4,No
EMP01960,40,Male,Finance,Developer,12246,No,12,10,4,3,No
EMP01961,38,Male,Sales,Manager,10477,No,22,7,2,1,Yes
EMP01962,34,Female,Finance,Specialist,6779,No,9,2,3,3,No
EMP01963,49,Female,IT,Manager,17500,No,19,12,3,3,No
EMP01964,32,Male,IT,Developer,12137,Yes,5,6,3,3,No
EMP01965,33,Male,Sales,Analyst,6492,Yes,11,1,4,2,No
EMP01966,30,Female,Sales,Specialist,6997,No,15,3,2,3,No
EMP01967,24,Male,Marketing,Analyst,6147,No,26,1,1,3,Yes
EMP01968,28,Female,HR,Analyst,8316,No,6,0,3,3,No
EMP01969,52,Male,Sales,Manager,15776,No,23,15,3,3,No
EMP01970,42,Female,IT,Manager,11123,No,10,6,3,2,No
EMP01971,22,Male,Sales,Analyst,5205,No,17,0,3,2,No
EMP01972,46,Female,Marketing,Manager,16820,Yes,34,10,1,3,No
EMP01973,33,Male,Sales,Analyst,7069,Yes,44,4,3,2,No
EMP01974,34,Female,Marketing,Executive,5442,No,5,4,4,4,No
EMP01975,44,Female,IT,Developer,11113,No,19,3,3,2,Yes
EMP01976,38,Female,IT,Developer,6849,No,6,6,3,4,No
EMP01977,34,Male,Finance,Specialist,6317,No,6,5,3,3,No
EMP01978,34,Female,Sales,Executive,6832,Yes,8,0,3,3,No
EMP01979,34,Male,HR,Analyst,7957,Yes,6,2,3,2,No
EMP01980,30,Male,IT,Developer,7950,Yes,45,0,1,2,No
EMP01981,38,Male,IT,Developer,11329,Yes,11,2,2,3,No
EMP01982,30,Male,Marketing,Executive,6836,No,22,2,3,2,Yes
EMP01983,37,Female,Sales,Executive,5210,Yes,10,5,3,3,No
EMP01984,36,Male,IT,Analyst,5201,No,8,0,2,4,No
EMP01985,37,Male,HR,Analyst,5195,No,24,1,4,3,No
EMP01986,24,Male,HR,Analyst,6125,Yes,22,0,4,1,Yes
EMP01987,34,Female,Finance,Developer,11679,Yes,20,0,4,3,No
EMP01988,39,Male,Finance,Analyst,8405,No,10,10,3,3,No
EMP01989,40,Male,IT,Specialist,10241,Yes,16,10,2,3,Yes
EMP01990,26,Female,Finance,Analyst,7130,Yes,7,3,4,2,No
EMP01991,46,Male,HR,Specialist,5973,No,9,8,1,2,No
EMP01992,36,Female,Sales,Executive,6051,Yes,14,0,3,3,Yes
EMP01993,28,Female,IT,Specialist,7231,Yes,25,2,3,3,No
EMP01994,45,Male,Finance,Developer,7859,No,9,8,4,4,No
EMP01995,45,Female,IT,Developer,7658,No,6,9,2,4,No
EMP01996,39,Female,IT,Developer,11452,No,10,6,2,4,Yes
EMP01997,22,Male,Finance,Analyst,7557,Yes,30,1,3,2,No
EMP01998,50,Female,Finance,Senior Manager,19921,No,41,16,3,4,No
EMP01999,43,Male,IT,Specialist,7180,No,3,3,3,3,No
EMP02000,43,Female,HR,Specialist,6414,No,50,3,3,3,No
EMP02001,25,Female,IT,Developer,7681,No,41,0,3,2,No
EMP02002,31,Female,Marketing,Executive,6378,Yes,16,0,3,2,No
EMP02003,41,Male,IT,Specialist,8465,No,24,3,4,4,No
EMP02004,23,Female,Sales,Executive,5939,No,20,0,4,3,No
EMP02005,29,Male,Marketing,Executive,4503,No,14,5,2,3,No
EMP02006,29,Male,Marketing,Analyst,8246,No,33,0,3,2,No
EMP02007,40,Male,Sales,Executive,5306,No,15,1,4,4,No
EMP02008,40,Female,Finance,Analyst,5203,Yes,7,10,4,3,No
EMP02009,39,Female,HR,Executive,4602,No,24,2,1,3,No
EMP02010,38,Female,Marketing,Analyst,7919,No,16,5,3,4,No
EMP02011,34,Male,Finance,Analyst,6717,No,9,1,3,4,No
EMP02012,23,Male,IT,Developer,10230,No,26,1,2,3,No
EMP02013,28,Male,Finance,Executive,6787,Yes,7,0,4,2,No
EMP02014,26,Male,Sales,Analyst,4881,Yes,12,1,3,2,No
EMP02015,29,Female,Marketing,Analyst,5230,No,9,0,2,3,No
EMP02016,24,Male,Sales,Analyst,8493,Yes,49,3,4,2,Yes
EMP02017,38,Male,Sales,Analyst,8057,No,11,3,3,3,No
EMP02018,28,Male,Finance,Developer,10627,No,17,1,2,4,No
EMP02019,30,Male,IT,Developer,10037,No,28,2,2,3,Yes
EMP02020,24,Female,Finance,Analyst,6308,Yes,7,0,3,3,Yes
EMP02021,37,Female,Finance,Manager,10883,No,11,9,2,4,No
EMP02022,46,Female,IT,Manager,13171,No,9,9,4,2,No
EMP02023,30,Female,Sales,Executive,5391,Yes,7,0,1,2,Yes
EMP02024,37,Female,IT,Analyst,5582,Yes,15,3,3,1,No
EMP02025,44,Female,IT,Developer,7920,No,29,9,2,2,No
EMP02026,33,Female,IT,Developer,7612,Yes,3,1,3,3,Yes
EMP02027,23,Female,Sales,Executive,6380,Yes,27,2,3,3,Yes
EMP02028,51,Male,Marketing,Manager,14776,Yes,25,14,2,3,No
EMP02029,42,Male,HR,Specialist,6732,Yes,6,8,4,4,No
EMP02030,43,Male,Finance,Specialist,7437,No,9,6,3,4,No
EMP02031,26,Male,Finance,Analyst,6310,No,11,2,3,2,No
EMP02032,33,Male,Sales,Executive,5992,No,2,1,3,3,No
EMP02033,53,Male,IT,Manager,14042,No,3,9,3,2,No
EMP02034,44,Male,IT,Manager,11827,Yes,19,13,2,3,No
EMP02035,38,Female,IT,Developer,5934,Yes,18,3,3,3,Yes
EMP02036,27,Female,Marketing,Analyst,5840,No,11,4,3,4,Yes
EMP02037,24,Male,HR,Analyst,7870,No,12,3,2,3,No
EMP02038,34,Male,HR,Analyst,5402,No,9,1,3,3,No
EMP02039,50,Male,IT,Senior Manager,21220,Yes,14,15,3,3,No
EMP02040,53,Female,Marketing,Senior Manager,14644,Yes,17,20,3,2,Yes
EMP02041,42,Male,Marketing,Senior Manager,15079,No,7,7,2,4,No
EMP02042,29,Female,Sales,Executive,7380,Yes,23,0,3,3,No
EMP02043,40,Male,Finance,Developer,6978,No,13,5,4,4,No
EMP02044,30,Male,Sales,Executive,5170,No,7,0,2,3,No
EMP02045,29,Male,IT,Developer,11338,No,9,2,3,3,No
EMP02046,33,Male,Finance,Executive,5797,No,13,0,2,1,No
EMP02047,25,Male,Finance,Specialist,5759,No,14,0,2,4,No
EMP02048,38,Male,HR,Analyst,5229,Yes,46,6,3,3,No
EMP02049,36,Male,Finance,Analyst,6647,No,7,4,3,3,No
EMP02050,27,Female,IT,Developer,8069,No,7,0,4,4,No
EMP02051,42,Female,HR,Analyst,5775,No,3,0,1,4,No
EMP02052,43,Male,IT,Senior Manager,21499,No,23,8,3,4,No
EMP02053,28,Male,Marketing,Specialist,9641,No,12,2,3,3,No
EMP02054,37,Male,HR,Developer,11457,Yes,12,5,2,2,Yes
EMP02055,30,Male,IT,Developer,8946,Yes,9,0,2,1,No
EMP02056,35,Male,HR,Executive,6478,Yes,19,2,3,2,No
EMP02057,35,Female,IT,Developer,11962,Yes,16,0,3,3,Yes
EMP02058,27,Female,Marketing,Analyst,6494,No,8,0,3,3,No
EMP02059,26,Female,Sales,Executive,7562,No,24,3,4,2,No
EMP02060,27,Female,IT,Developer,7195,Yes,17,1,2,3,No
EMP02061,45,Male,HR,Specialist,6072,No,13,4,3,4,No
EMP02062,22,Male,Finance,Analyst,5104,No,20,1,4,3,No
EMP02063,30,Male,Marketing,Executive,5465,No,18,0,4,3,No
EMP02064,31,Female,Finance,Analyst,5824,No,21,0,3,4,No
EMP02065,32,Female,Finance,Manager,9464,No,27,1,3,3,No
EMP02066,42,Male,Marketing,Analyst,5465,No,16,7,3,4,No
EMP02067,32,Male,Sales,Analyst,6395,Yes,1,2,3,3,No
EMP02068,24,Female,IT,Specialist,6666,Yes,22,1,3,3,Yes
EMP02069,34,Male,Sales,Analyst,4507,No,3,0,1,3,No
EMP02070,56,Male,Sales,Senior Manager,16123,No,14,18,2,4,No
EMP02071,35,Male,Marketing,Manager,10169,No,20,5,4,3,No
EMP02072,32,Female,Sales,Executive,5490,No,11,1,3,4,No
EMP02073,22,Male,Marketing,Analyst,8186,No,14,0,2,2,No
EMP02074,31,Female,IT,Developer,8823,No,7,2,3,4,No
EMP02075,26,Female,HR,Analyst,7310,No,11,0,3,4,No
EMP02076,43,Male,HR,Specialist,9280,No,14,8,3,3,No
EMP02077,29,Female,Finance,Analyst,5608,No,7,1,4,3,No
EMP02078,25,Female,HR,Analyst,4668,Yes,7,0,3,3,Yes
EMP02079,30,Female,Finance,Manager,16135,No,14,7,4,3,No
EMP02080,44,Female,HR,Senior Manager,16378,No,31,7,3,4,No
EMP02081,42,Female,HR,Developer,8252,No,24,3,3,3,Yes
EMP02082,29,Female,Marketing,Specialist,9384,No,1,0,3,3,No
EMP02083,37,Male,HR,Analyst,5678,No,12,5,4,2,Yes
EMP02084,42,Male,IT,Developer,12626,No,17,7,3,3,No
EMP02085,39,Male,HR,Executive,7157,No,17,2,3,3,No
EMP02086,60,Female,IT,Senior Manager,20589,No,14,17,2,3,No
EMP02087,26,Male,IT,Developer,11048,Yes,11,0,4,3,No
EMP02088,33,Female,IT,Developer,12245,No,8,4,3,2,No
EMP02089,41,Female,Finance,Specialist,5437,No,17,1,3,2,No
EMP02090,26,Male,Sales,Executive,5712,Yes,16,0,2,3,No
EMP02091,26,Male,IT,Developer,10162,No,6,0,4,2,Yes
EMP02092,39,Male,IT,Developer,11664,No,12,5,3,3,No
EMP02093,43,Female,IT,Developer,6790,No,20,6,4,3,No
EMP02094,34,Male,Finance,Analyst,7924,No,9,2,4,2,No
EMP02095,30,Female,IT,Developer,11704,No,12,2,3,3,No
EMP02096,54,Male,IT,Manager,17449,No,13,13,1,3,No
EMP02097,25,Male,IT,Specialist,6242,No,23,4,3,3,No
EMP02098,39,Female,Sales,Manager,11406,Yes,13,10,3,2,No
EMP02099,39,Male,IT,Executive,4249,No,13,1,2,4,No
EMP02100,26,Male,Marketing,Analyst,8355,Yes,10,0,3,3,No
EMP02101,47,Female,HR,Senior Manager,15826,No,5,9,3,1,No
EMP02102,25,Male,HR,Analyst,5951,No,10,0,3,4,No
EMP02103,41,Female,HR,Senior Manager,23447,No,8,11,3,3,No
EMP02104,39,Female,IT,Developer,9314,No,7,0,3,1,No
EMP02105,31,Male,Finance,Analyst,4691,No,33,2,3,2,No
EMP02106,34,Male,Marketing,Analyst,4704,No,1,0,3,2,No
EMP02107,39,Female,IT,Manager,15290,Yes,4,11,2,3,No
EMP02108,37,Male,HR,Specialist,9614,No,12,4,2,4,No
EMP02109,28,Male,IT,Developer,8037,No,36,0,4,3,No
EMP02110,30,Male,HR,Executive,5392,Yes,19,1,3,3,Yes
EMP02111,37,Male,IT,Developer,11297,No,6,2,2,3,No
EMP02112,25,Male,IT,Developer,11060,Yes,5,2,3,2,Yes
EMP02113,31,Female,HR,Analyst,5238,No,8,0,2,3,No
EMP02114,41,Female,Finance,Specialist,8983,Yes,27,6,3,3,Yes
EMP02115,34,Male,IT,Developer,9491,Yes,24,4,3,3,No
EMP02116,34,Male,Sales,Manager,12125,Yes,2,8,3,3,No
EMP02117,25,Male,HR,Analyst,8330,No,15,4,1,3,No
EMP02118,39,Male,Marketing,Developer,10758,No,4,5,3,3,No
EMP02119,40,Male,Marketing,Specialist,6226,No,1,3,3,4,Yes
EMP02120,42,Female,Finance,Analyst,4683,No,13,0,3,3,No
EMP02121,26,Male,Sales,Specialist,8335,No,33,1,2,1,No
EMP02122,31,Male,Sales,Specialist,6642,No,50,5,3,3,No
EMP02123,42,Female,HR,Analyst,5573,Yes,5,4,3,2,No
EMP02124,27,Female,Sales,Analyst,6374,Yes,14,2,3,2,No
EMP02125,42,Male,IT,Developer,9790,Yes,5,4,2,4,No
EMP02126,38,Male,IT,Manager,15736,Yes,21,5,4,3,No
EMP02127,50,Female,IT,Manager,12604,Yes,31,15,3,4,No
EMP02128,22,Male,Sales,Analyst,5414,Yes,2,0,3,2,No
EMP02129,30,Male,Marketing,Analyst,5031,Yes,28,0,3,2,No
EMP02130,25,Female,HR,Specialist,8861,Yes,16,0,4,3,No
EMP02131,24,Male,HR,Executive,4204,Yes,14,0,3,1,Yes
EMP02132,36,Female,IT,Specialist,7119,Yes,40,5,1,1,No
EMP02133,31,Female,IT,Developer,9750,Yes,8,2,2,3,No
EMP02134,22,Male,HR,Analyst,8076,Yes,1,0,1,4,Yes
EMP02135,22,Female,Sales,Executive,7235,No,22,0,3,3,No
EMP02136,27,Male,Sales,Executive,5017,Yes,3,1,3,3,No
EMP02137,25,Male,HR,Analyst,6066,No,15,0,3,2,No
EMP02138,55,Male,Sales,Manager,12822,No,16,17,3,3,No
EMP02139,29,Female,IT,Specialist,7170,No,10,1,4,3,No
EMP02140,24,Female,Finance,Analyst,6922,Yes,11,2,4,3,No
EMP02141,22,Male,Sales,Executive,6818,No,18,1,3,3,No
EMP02142,33,Female,Finance,Manager,12918,No,18,11,2,4,No
EMP02143,31,Female,Sales,Analyst,6779,No,6,0,3,3,No
EMP02144,40,Male,IT,Analyst,8067,No,14,3,3,3,No
EMP02145,29,Male,IT,Developer,9448,No,15,3,3,4,No
EMP02146,35,Male,IT,Manager,15820,No,14,5,2,2,No
EMP02147,45,Female,HR,Specialist,9323,Yes,30,1,3,4,No
EMP02148,30,Male,IT,Developer,7228,No,3,8,3,3,No
EMP02149,32,Female,Sales,Executive,5155,Yes,22,0,4,3,Yes
EMP02150,23,Male,Marketing,Analyst,6258,Yes,30,0,3,3,No
EMP02151,43,Male,Sales,Manager,12761,No,21,10,3,4,No
EMP02152,26,Male,Marketing,Executive,6546,No,45,0,4,3,No
EMP02153,23,Female,HR,Analyst,4877,No,8,0,3,3,No
EMP02154,39,Male,IT,Developer,10701,No,13,8,3,3,No
EMP02155,39,Male,Finance,Analyst,4929,No,7,5,3,3,No
EMP02156,26,Female,Sales,Executive,6228,No,25,0,3,3,No
EMP02157,37,Female,Marketing,Analyst,8228,No,3,1,2,3,No
EMP02158,36,Female,Marketing,Specialist,6606,No,20,3,3,3,No
EMP02159,45,Male,HR,Specialist,7193,Yes,17,9,3,2,No
EMP02160,32,Male,HR,Specialist,8741,No,27,3,3,1,No
EMP02161,48,Female,Finance,Manager,9618,Yes,5,8,3,1,No
EMP02162,30,Male,Marketing,Specialist,9641,No,3,2,3,4,No
EMP02163,40,Male,HR,Specialist,5376,Yes,29,3,3,2,No
EMP02164,33,Male,HR,Analyst,6290,Yes,2,0,3,3,No
EMP02165,33,Male,IT,Developer,9936,No,29,3,1,3,No
EMP02166,36,Female,Finance,Specialist,7600,No,2,2,1,4,No
EMP02167,52,Female,IT,Senior Manager,21622,No,15,19,3,4,No
EMP02168,31,Female,IT,Analyst,4660,Yes,20,0,3,2,No
EMP02169,54,Female,Sales,Senior Manager,21420,No,28,21,3,2,No
EMP02170,30,Female,Marketing,Analyst,8511,No,5,2,3,4,No
EMP02171,25,Female,Finance,Analyst,5150,No,18,2,3,4,No
EMP02172,29,Female,Sales,Executive,5284,No,5,1,2,4,No
EMP02173,43,Male,IT,Manager,14819,Yes,14,10,2,3,No
EMP02174,22,Female,Marketing,Executive,5067,No,37,1,1,1,Yes
EMP02175,32,Female,Sales,Executive,4620,No,8,0,3,4,No
EMP02176,28,Female,HR,Specialist,9936,No,7,7,3,4,No
EMP02177,47,Male,Sales,Manager,11634,Yes,3,7,3,4,No
EMP02178,32,Female,Marketing,Analyst,6969,No,8,0,3,3,No
EMP02179,34,Male,Marketing,Analyst,6011,No,1,4,2,2,Yes
EMP02180,30,Male,Finance,Analyst,6626,No,27,0,1,3,No
EMP02181,27,Male,Sales,Analyst,6421,No,38,5,4,3,No
EMP02182,39,Male,IT,Developer,7768,No,12,5,4,1,No
EMP02183,35,Male,Marketing,Analyst,5880,No,12,0,3,2,No
EMP02184,23,Male,Finance,Executive,4616,No,6,0,3,4,No
EMP02185,50,Female,IT,Senior Manager,21473,No,32,14,4,2,No
EMP02186,39,Male,HR,Manager,12987,No,22,6,4,4,No
EMP02187,28,Male,Finance,Analyst,6419,No,36,3,4,3,No
EMP02188,26,Female,Sales,Executive,7000,Yes,18,3,3,3,Yes
EMP02189,34,Female,HR,Executive,4531,No,7,3,3,4,No
EMP02190,42,Male,HR,Analyst,6410,No,23,0,2,3,Yes
EMP02191,40,Male,IT,Developer,6490,No,18,5,3,3,Yes
EMP02192,43,Male,IT,Specialist,5433,No,16,6,3,3,No
EMP02193,24,Male,Marketing,Specialist,5950,No,8,1,3,4,Yes
EMP02194,33,Male,IT,Executive,6402,Yes,13,0,1,3,No
EMP02195,37,Female,IT,Developer,9824,No,5,3,3,3,No
EMP02196,38,Female,IT,Developer,7266,No,2,5,4,2,No
EMP02197,32,Male,Finance,Executive,6568,No,9,0,3,3,No
EMP02198,40,Male,Sales,Executive,5728,No,3,10,3,3,Yes
EMP02199,23,Male,Sales,Executive,6710,Yes,2,2,3,3,No
EMP02200,40,Male,IT,Developer,6407,No,17,0,3,3,No
EMP02201,26,Female,Sales,Executive,5454,No,20,4,3,3,No
EMP02202,47,Female,Sales,Senior Manager,15408,No,7,13,3,3,No
EMP02203,44,Male,IT,Developer,11579,No,14,6,1,3,No
EMP02204,26,Male,Sales,Executive,4150,No,10,4,3,2,No
EMP02205,25,Male,IT,Analyst,4803,No,8,0,3,3,No
EMP02206,30,Male,IT,Developer,10774,No,16,1,3,3,No
EMP02207,22,Male,Sales,Executive,5969,No,16,1,3,2,No
EMP02208,32,Male,IT,Developer,12048,Yes,2,1,3,2,Yes
EMP02209,45,Female,HR,Specialist,7510,No,21,7,3,4,No
EMP02210,35,Female,IT,Specialist,9859,Yes,5,6,4,3,Yes
EMP02211,36,Male,Marketing,Analyst,8399,No,9,0,3,4,No
EMP02212,24,Male,Sales,Executive,5359,Yes,14,1,3,3,No
EMP02213,38,Male,Marketing,Executive,6948,No,27,1,3,2,Yes
EMP02214,36,Female,Finance,Analyst,5712,Yes,17,2,2,3,Yes
EMP02215,28,Female,Sales,Specialist,6845,No,10,0,3,3,No
EMP02216,34,Female,IT,Analyst,6720,No,20,2,3,3,No
EMP02217,39,Male,Sales,Manager,13171,No,19,4,3,2,No
EMP02218,46,Male,Marketing,Specialist,7757,No,28,7,2,3,No
EMP02219,40,Male,Sales,Senior Manager,16384,No,14,7,3,3,No
EMP02220,42,Female,Marketing,Analyst,5749,No,3,3,4,2,Yes
EMP02221,45,Female,HR,Developer,5911,No,5,6,1,3,Yes
EMP02222,36,Female,Marketing,Analyst,6804,No,4,1,2,3,No
EMP02223,29,Female,Finance,Executive,6819,No,27,0,4,3,Yes
EMP02224,24,Male,IT,Developer,7880,No,1,2,3,4,No
EMP02225,33,Female,Finance,Executive,7130,Yes,6,2,1,3,No
EMP02226,26,Female,IT,Analyst,8196,Yes,24,2,3,3,No
EMP02227,50,Female,Sales,Senior Manager,21295,No,42,17,3,2,No
EMP02228,30,Male,Sales,Executive,5405,Yes,23,0,2,4,No
EMP02229,35,Male,IT,Developer,8398,No,12,4,3,3,No
EMP02230,34,Female,IT,Developer,12365,Yes,13,6,3,2,No
EMP02231,41,Male,IT,Senior Manager,13958,No,19,7,3,3,No
EMP02232,27,Male,Sales,Executive,5259,No,4,2,3,3,No
EMP02233,30,Male,Marketing,Analyst,6018,No,25,5,4,3,No
EMP02234,46,Female,Finance,Specialist,6461,No,20,5,3,3,No
EMP02235,35,Female,Sales,Analyst,8656,Yes,6,4,3,3,Yes
EMP02236,26,Male,Sales,Analyst,8015,Yes,5,0,4,3,Yes
EMP02237,26,Male,HR,Analyst,5639,No,4,2,3,3,No
EMP02238,43,Male,IT,Developer,11732,No,5,5,2,3,No
EMP02239,32,Female,HR,Specialist,8215,No,7,1,2,4,No
EMP02240,34,Female,Finance,Analyst,7506,No,7,0,3,1,No
EMP02241,26,Male,Finance,Analyst,7109,No,5,2,3,4,No
EMP02242,39,Male,HR,Manager,10171,No,5,9,3,1,No
EMP02243,29,Male,HR,Analyst,7484,Yes,13,0,3,3,No
EMP02244,40,Female,IT,Manager,13687,No,6,9,3,2,No
EMP02245,33,Male,Finance,Executive,6514,No,7,3,3,3,No
EMP02246,37,Male,IT,Developer,9187,Yes,22,4,3,3,Yes
EMP02247,49,Male,IT,Manager,14079,Yes,17,9,1,4,No
EMP02248,27,Male,Marketing,Analyst,6268,No,23,3,3,2,No
EMP02249,51,Female,IT,Senior Manager,23071,No,9,12,3,3,No
EMP02250,36,Male,IT,Manager,9677,No,9,6,2,3,No
EMP02251,40,Female,Finance,Executive,7655,No,11,6,3,1,No
EMP02252,33,Male,IT,Developer,6969,Yes,23,1,3,2,No
EMP02253,40,Male,Sales,Senior Manager,22729,No,21,5,4,3,No
EMP02254,23,Male,Finance,Analyst,8086,Yes,21,0,3,3,No
EMP02255,48,Female,Sales,Manager,14903,No,24,13,2,3,No
EMP02256,50,Male,Sales,Manager,13833,Yes,41,8,2,3,Yes
EMP02257,38,Male,HR,Executive,5576,No,3,1,1,2,No
EMP02258,31,Female,Finance,Analyst,7329,No,2,4,1,1,No
EMP02259,38,Female,IT,Developer,6667,Yes,20,5,3,2,No
EMP02260,32,Male,IT,Developer,5905,No,5,3,3,3,No
EMP02261,43,Female,Sales,Specialist,8170,No,27,9,3,3,No
EMP02262,30,Female,Marketing,Executive,7343,Yes,11,5,3,2,Yes
EMP02263,29,Male,IT,Developer,10181,No,21,4,4,2,No
EMP02264,30,Female,Finance,Manager,11760,No,37,2,3,1,No
EMP02265,38,Male,Finance,Analyst,7209,No,17,6,1,3,No
EMP02266,35,Male,HR,Analyst,7992,No,26,6,2,4,No
EMP02267,25,Male,Finance,Analyst,8365,No,11,1,2,2,No
EMP02268,58,Male,HR,Senior Manager,19383,Yes,11,16,2,3,No
EMP02269,35,Female,Finance,Manager,12451,No,10,1,3,3,No
EMP02270,33,Male,Marketing,Analyst,8420,No,1,2,3,3,No
EMP02271,41,Female,IT,Developer,10186,Yes,43,4,3,3,No
EMP02272,26,Female,IT,Developer,11189,No,6,0,3,2,No
EMP02273,44,Female,Marketing,Developer,6892,No,7,5,1,3,No
EMP02274,28,Male,Marketing,Specialist,8836,No,38,0,2,1,No
EMP02275,33,Female,Finance,Specialist,8992,No,13,2,2,3,No
EMP02276,29,Male,HR,Executive,6294,No,8,2,4,3,No
EMP02277,31,Female,Sales,Executive,4639,Yes,11,2,3,3,No
EMP02278,37,Male,Finance,Analyst,4799,Yes,8,3,2,3,No
EMP02279,25,Male,IT,Developer,7232,Yes,6,1,4,2,No
EMP02280,33,Female,Finance,Analyst,5070,No,7,3,4,3,No
EMP02281,47,Male,Marketing,Senior Manager,21977,No,6,10,3,2,No
EMP02282,39,Female,IT,Developer,8422,No,23,0,1,3,No
EMP02283,22,Male,Sales,Executive,4109,No,10,1,2,4,No
EMP02284,29,Male,IT,Developer,7757,No,5,0,3,3,No
EMP02285,32,Male,IT,Specialist,8569,Yes,21,1,3,3,No
EMP02286,25,Male,IT,Developer,5649,No,13,3,3,3,No
EMP02287,54,Female,Marketing,Senior Manager,17351,No,19,15,3,2,No
EMP02288,24,Female,IT,Developer,9216,No,19,1,4,3,No
EMP02289,36,Female,IT,Manager,11261,No,35,6,3,3,No
EMP02290,48,Male,Marketing,Manager,14766,No,11,11,3,3,No
EMP02291,49,Female,Finance,Manager,13391,No,19,10,3,3,No
EMP02292,36,Male,Marketing,Executive,6518,Yes,44,4,3,2,No
EMP02293,45,Male,IT,Senior Manager,21264,Yes,11,10,1,2,No
EMP02294,41,Male,IT,Developer,10131,Yes,19,6,2,3,No
EMP02295,25,Male,Marketing,Analyst,8486,Yes,13,2,3,1,No
EMP02296,28,Male,Sales,Analyst,4883,Yes,1,0,3,2,Yes
EMP02297,35,Female,Finance,Specialist,8372,No,8,6,4,3,No
EMP02298,42,Female,HR,Specialist,7080,No,12,3,3,3,No
EMP02299,40,Female,IT,Manager,14740,No,14,6,3,4,No
EMP02300,25,Male,Finance,Executive,5047,No,22,0,3,3,No
EMP02301,32,Male,IT,Analyst,8311,No,21,2,3,3,No
EMP02302,25,Male,Sales,Analyst,6864,No,2,1,4,3,No
EMP02303,31,Male,Finance,Specialist,8156,No,34,9,3,4,No
EMP02304,50,Male,HR,Manager,10829,No,10,9,2,2,No
EMP02305,32,Male,IT,Developer,11319,Yes,28,2,3,2,No
EMP02306,39,Male,HR,Analyst,5591,No,35,2,3,3,Yes
EMP02307,37,Male,HR,Analyst,5818,No,20,0,3,4,No
EMP02308,35,Male,Finance,Analyst,8632,No,20,5,3,4,No
EMP02309,28,Male,Marketing,Developer,10307,Yes,17,0,1,1,Yes
EMP02310,31,Female,HR,Specialist,9528,No,13,3,2,3,No
EMP02311,31,Female,IT,Developer,8186,No,16,0,3,3,No
EMP02312,27,Female,Marketing,Executive,6118,No,34,0,2,2,No
EMP02313,37,Male,Finance,Analyst,8185,No,10,1,4,3,No
EMP02314,24,Female,IT,Specialist,6742,No,9,0,3,3,No
EMP02315,32,Female,HR,Analyst,7597,No,9,1,2,3,No
EMP02316,54,Male,IT,Senior Manager,16241,Yes,20,15,4,3,No
EMP02317,35,Male,IT,Developer,11599,Yes,31,1,3,4,No
EMP02318,48,Female,Marketing,Manager,15303,No,36,12,3,3,No
EMP02319,35,Male,HR,Specialist,9055,No,28,4,3,2,No
EMP02320,33,Female,Marketing,Executive,6430,Yes,19,3,3,3,No
EMP02321,36,Male,IT,Analyst,6490,Yes,5,4,3,3,No
EMP02322,45,Female,IT,Developer,10058,No,10,2,3,4,No
EMP02323,45,Female,HR,Specialist,9605,No,22,4,3,2,Yes
EMP02324,42,Male,IT,Specialist,5278,Yes,12,2,3,3,Yes
EMP02325,31,Male,Sales,Executive,5942,No,19,3,3,2,No
EMP02326,23,Female,Marketing,Executive,5756,No,7,2,3,3,No
EMP02327,43,Male,IT,Developer,9705,Yes,20,6,3,3,No
EMP02328,28,Female,Marketing,Executive,6447,No,27,2,3,2,Yes
EMP02329,41,Male,IT,Analyst,7341,Yes,13,3,3,3,No
EMP02330,27,Male,Marketing,Executive,6957,Yes,2,0,4,3,Yes
EMP02331,30,Male,Sales,Executive,5432,Yes,13,0,4,2,No
EMP02332,49,Female,IT,Manager,15800,No,13,10,3,3,No
EMP02333,43,Female,Marketing,Specialist,7244,No,3,9,3,4,No
EMP02334,37,Male,IT,Developer,11241,Yes,6,0,3,2,No
EMP02335,30,Female,Marketing,Analyst,8552,Yes,21,2,3,2,No
EMP02336,31,Male,IT,Developer,6199,No,11,0,3,2,No
EMP02337,35,Male,Marketing,Executive,5575,No,10,5,1,3,No
EMP02338,49,Male,Finance,Senior Manager,14580,No,10,12,3,3,No
EMP02339,32,Male,HR,Executive,5016,No,11,5,2,4,No
EMP02340,30,Male,Sales,Manager,9963,No,21,7,4,3,No
EMP02341,32,Male,Marketing,Analyst,5274,Yes,12,0,4,2,No
EMP02342,26,Female,Sales,Executive,4597,No,11,2,3,3,No
EMP02343,24,Male,IT,Analyst,5661,Yes,4,0,3,1,Yes
EMP02344,24,Male,IT,Developer,10268,No,8,0,3,3,Yes
EMP02345,31,Female,IT,Developer,11926,No,6,3,3,4,No
EMP02346,28,Male,Marketing,Analyst,6053,No,14,0,2,3,No
EMP02347,24,Male,IT,Developer,9360,Yes,6,0,3,4,No
EMP02348,39,Female,IT,Developer,7579,No,30,5,4,3,No
EMP02349,40,Male,IT,Analyst,6548,Yes,20,1,3,3,No
EMP02350,49,Female,IT,Manager,13352,No,20,11,3,3,No
EMP02351,37,Male,Marketing,Analyst,7279,No,16,4,4,3,No
EMP02352,48,Male,IT,Manager,15755,No,42,11,4,4,No
EMP02353,54,Male,Sales,Senior Manager,17831,No,37,16,3,2,No
EMP02354,42,Female,IT,Developer,11723,Yes,12,4,3,1,No
EMP02355,41,Male,IT,Developer,8905,Yes,3,5,3,3,No
EMP02356,42,Female,IT,Developer,9706,No,13,2,2,3,No
EMP02357,41,Female,Sales,Analyst,7831,Yes,5,2,3,3,No
EMP02358,40,Male,Finance,Analyst,5276,No,18,5,3,1,No
EMP02359,27,Male,Sales,Executive,5803,No,9,1,4,3,Yes
EMP02360,26,Male,HR,Specialist,8179,Yes,26,2,2,4,No
EMP02361,26,Male,Marketing,Executive,6754,No,41,3,4,2,No
EMP02362,42,Male,Sales,Analyst,4752,No,7,2,3,3,No
EMP02363,28,Female,Sales,Specialist,5276,No,2,1,3,2,No
EMP02364,27,Female,Marketing,Analyst,4720,No,8,0,2,1,Yes
EMP02365,35,Male,IT,Developer,10006,No,13,2,2,4,No
EMP02366,44,Male,IT,Developer,7454,No,4,7,3,2,No
EMP02367,35,Male,Marketing,Executive,6334,No,31,6,3,4,Yes
EMP02368,28,Female,IT,Developer,5679,No,13,2,3,4,No
EMP02369,28,Male,HR,Analyst,6992,No,17,5,3,4,No
EMP02370,60,Female,Sales,Senior Manager,23418,No,25,20,3,3,No
EMP02371,40,Female,Sales,Executive,5897,No,6,0,3,3,No
EMP02372,30,Male,Sales,Executive,6874,Yes,9,0,1,3,No
EMP02373,42,Female,IT,Developer,6211,No,18,0,4,3,No
EMP02374,59,Female,Sales,Senior Manager,20555,No,3,16,3,3,No
EMP02375,24,Female,IT,Developer,7304,No,14,3,1,4,No
EMP02376,26,Male,Finance,Analyst,7909,No,20,0,3,4,No
EMP02377,30,Female,Marketing,Developer,11336,Yes,10,9,3,2,No
EMP02378,38,Male,Sales,Executive,6453,Yes,28,4,2,1,Yes
EMP02379,36,Female,Finance,Manager,14166,No,16,8,3,2,No
EMP02380,35,Female,HR,Analyst,7100,No,10,0,1,3,No
EMP02381,39,Female,Marketing,Analyst,6595,No,12,2,3,4,No
EMP02382,38,Male,Marketing,Executive,4742,Yes,2,4,3,3,No
EMP02383,33,Female,HR,Manager,15608,No,14,3,3,4,No
EMP02384,40,Male,Sales,Executive,5188,Yes,5,6,2,2,Yes
EMP02385,48,Female,Sales,Manager,15151,No,19,11,3,3,No
EMP02386,39,Female,Sales,Executive,4762,No,19,6,2,4,No
EMP02387,44,Male,Finance,Specialist,7136,Yes,14,10,2,3,No
EMP02388,39,Female,IT,Developer,11041,Yes,37,7,3,3,No
EMP02389,37,Female,IT,Developer,12075,No,14,5,3,3,No
EMP02390,32,Male,Marketing,Analyst,8122,No,3,3,4,3,No
EMP02391,48,Male,Sales,Manager,13601,No,28,8,3,2,No
EMP02392,37,Female,Sales,Analyst,8271,Yes,36,1,3,1,Yes
EMP02393,33,Female,HR,Specialist,8079,No,11,1,2,4,No
EMP02394,32,Male,Sales,Executive,5050,Yes,44,1,3,1,Yes
EMP02395,29,Male,Sales,Specialist,6756,Yes,22,3,3,3,No
EMP02396,39,Male,HR,Analyst,6798,No,29,2,3,3,No
EMP02397,39,Female,IT,Developer,6938,Yes,10,0,3,4,No
EMP02398,28,Female,IT,Developer,11604,No,15,1,3,3,No
EMP02399,40,Male,Finance,Analyst,7010,No,25,1,2,3,No
EMP02400,29,Female,Marketing,Executive,7544,No,12,1,4,4,No
EMP02401,40,Female,IT,Developer,9113,Yes,16,6,2,2,No
EMP02402,42,Female,Finance,Manager,11307,No,27,10,3,3,No
EMP02403,41,Male,IT,Developer,10385,Yes,13,7,3,1,No
EMP02404,38,Male,Sales,Analyst,7757,No,10,1,3,3,No
EMP02405,45,Female,HR,Senior Manager,18205,No,16,9,4,4,No
EMP02406,38,Female,IT,Senior Manager,13053,No,5,0,3,3,No
EMP02407,27,Male,Sales,Executive,6892,No,3,5,3,3,Yes
EMP02408,46,Male,HR,Specialist,5600,No,10,8,4,2,No
EMP02409,36,Female,HR,Specialist,7076,No,7,4,3,4,No
EMP02410,49,Female,IT,Senior Manager,20706,Yes,8,14,4,1,No
EMP02411,25,Male,Finance,Analyst,6075,No,12,0,1,4,No
EMP02412,56,Male,Sales,Senior Manager,18084,No,46,11,3,3,No
EMP02413,30,Female,Sales,Analyst,6668,No,2,1,2,3,No
EMP02414,24,Male,Finance,Analyst,7614,No,11,0,4,2,No
EMP02415,31,Female,IT,Developer,11209,Yes,10,1,3,2,Yes
EMP02416,39,Male,Marketing,Manager,9915,No,12,2,4,4,No
EMP02417,43,Female,HR,Manager,16009,No,5,10,2,3,No
EMP02418,26,Male,IT,Developer,6681,No,30,5,3,4,No
EMP02419,59,Male,Sales,Senior Manager,23500,No,8,15,1,3,No
EMP02420,37,Female,Sales,Executive,5126,Yes,29,1,2,2,No
EMP02421,24,Male,IT,Developer,10356,Yes,22,1,2,3,No
EMP02422,35,Male,Finance,Analyst,5229,No,35,5,3,3,No
EMP02423,33,Female,HR,Manager,9380,Yes,11,2,3,3,No
EMP02424,23,Female,IT,Developer,5852,No,5,0,3,4,No
EMP02425,59,Female,IT,Senior Manager,20967,No,15,23,3,4,No
EMP02426,34,Female,Finance,Analyst,6158,No,36,3,3,3,No
EMP02427,26,Female,Marketing,Executive,6990,No,10,1,3,3,Yes
EMP02428,24,Female,IT,Developer,9687,No,8,0,3,3,No
EMP02429,28,Female,IT,Developer,11729,Yes,10,4,3,2,No
EMP02430,23,Female,IT,Developer,6880,Yes,33,0,3,3,No
EMP02431,32,Male,Marketing,Executive,5494,No,13,1,2,4,Yes
EMP02432,29,Male,Sales,Executive,4424,Yes,27,1,3,3,No
EMP02433,31,Female,Marketing,Executive,7082,Yes,8,0,3,2,No
EMP02434,40,Female,Marketing,Manager,9812,No,20,7,3,3,No
EMP02435,45,Male,IT,Developer,11391,Yes,17,6,2,3,Yes
EMP02436,26,Male,Sales,Executive,6257,Yes,14,0,3,2,No
EMP02437,40,Male,IT,Executive,4358,No,31,4,2,2,No
EMP02438,22,Female,HR,Analyst,8250,No,22,1,1,3,No
EMP02439,39,Male,HR,Analyst,7263,Yes,27,0,3,3,No
EMP02440,38,Male,HR,Analyst,6858,Yes,11,5,3,3,Yes
EMP02441,54,Male,IT,Senior Manager,16045,No,14,14,3,3,No
EMP02442,39,Female,Marketing,Executive,6277,No,6,1,2,4,No
EMP02443,30,Female,IT,Developer,10414,No,1,1,2,4,No
EMP02444,39,Female,IT,Specialist,6816,Yes,10,9,3,1,Yes
EMP02445,38,Male,Marketing,Executive,6617,Yes,15,2,3,3,Yes
EMP02446,41,Male,Marketing,Analyst,7733,Yes,1,5,3,4,No
EMP02447,39,Male,IT,Developer,5882,No,1,7,2,2,No
EMP02448,39,Male,HR,Analyst,8239,No,9,0,3,3,No
EMP02449,26,Male,Marketing,Analyst,5482,No,7,0,3,3,Yes
EMP02450,23,Male,Marketing,Executive,5463,Yes,4,0,3,4,No
EMP02451,38,Male,Marketing,Analyst,7167,Yes,26,1,2,2,No
EMP02452,31,Male,Marketing,Executive,6520,No,17,0,3,3,No
EMP02453,39,Male,Marketing,Executive,5563,No,18,5,4,3,No
EMP02454,39,Female,IT,Developer,6607,Yes,18,7,3,2,No
EMP02455,30,Male,Sales,Analyst,7653,No,33,2,3,3,No
EMP02456,34,Female,Finance,Specialist,5655,No,14,1,2,1,No
EMP02457,27,Male,Sales,Analyst,5226,No,4,0,3,3,No
EMP02458,51,Female,IT,Senior Manager,21756,No,20,8,2,4,No
EMP02459,27,Female,Marketing,Analyst,6239,Yes,41,0,4,2,Yes
EMP02460,34,Female,HR,Analyst,7009,No,13,1,3,4,No
EMP02461,31,Female,Finance,Analyst,5758,No,3,0,3,1,No
EMP02462,28,Male,Sales,Specialist,6547,Yes,8,5,3,3,No
EMP02463,36,Female,Sales,Analyst,8296,No,17,3,3,3,No
EMP02464,27,Male,HR,Analyst,7704,No,17,0,3,2,No
EMP02465,35,Female,Finance,Analyst,7201,Yes,20,5,3,3,No
EMP02466,43,Male,Sales,Manager,14365,No,19,10,3,3,No
EMP02467,51,Male,Sales,Manager,10386,Yes,10,13,3,4,No
EMP02468,40,Female,IT,Analyst,8554,Yes,8,7,3,2,No
EMP02469,32,Male,HR,Executive,5504,No,7,4,4,3,No
EMP02470,39,Male,Marketing,Analyst,5005,No,9,2,4,4,No
EMP02471,39,Male,Marketing,Executive,6545,No,36,4,2,3,No
EMP02472,44,Female,Marketing,Developer,7400,No,25,5,2,3,No
EMP02473,45,Female,HR,Specialist,5974,No,23,4,3,1,No
EMP02474,31,Female,HR,Specialist,8236,No,12,0,2,4,No
EMP02475,46,Male,Sales,Specialist,6104,No,9,6,3,4,No
EMP02476,29,Male,Marketing,Specialist,6649,No,16,3,3,4,No
EMP02477,47,Male,Finance,Senior Manager,16920,No,3,17,3,3,No
EMP02478,28,Female,Marketing,Specialist,6423,Yes,8,3,3,2,Yes
EMP02479,44,Female,Finance,Specialist,9768,No,1,9,3,2,No
EMP02480,30,Female,IT,Developer,12007,Yes,10,6,4,2,Yes
EMP02481,33,Male,HR,Manager,13033,Yes,23,7,4,4,No
EMP02482,31,Female,Sales,Analyst,7999,No,9,0,4,3,No
EMP02483,43,Female,IT,Developer,7396,No,7,6,3,3,No
EMP02484,38,Male,HR,Executive,4429,No,28,0,3,1,No
EMP02485,32,Male,Marketing,Executive,5149,No,24,2,3,4,No
EMP02486,41,Male,IT,Specialist,8067,Yes,24,2,2,4,No
EMP02487,23,Female,Sales,Executive,4558,Yes,8,2,3,1,Yes
EMP02488,23,Female,IT,Developer,9592,Yes,11,0,3,3,No
EMP02489,38,Male,Marketing,Manager,15911,No,7,3,3,4,No
EMP02490,28,Female,IT,Developer,6003,Yes,5,3,3,4,No
EMP02491,43,Male,Sales,Specialist,5563,Yes,20,2,3,3,Yes
EMP02492,26,Male,HR,Specialist,9333,No,14,0,3,3,No
EMP02493,29,Male,Finance,Analyst,4542,No,33,0,2,1,No
EMP02494,55,Male,IT,Manager,17147,No,9,12,3,4,No
EMP02495,26,Male,Finance,Analyst,7091,No,19,0,4,2,Yes
EMP02496,29,Female,IT,Developer,7540,No,6,2,3,4,No
EMP02497,24,Male,Sales,Executive,4398,Yes,26,0,3,3,No
EMP02498,44,Female,HR,Manager,11252,No,8,9,3,3,No
EMP02499,39,Male,IT,Developer,6711,Yes,13,3,3,2,No
EMP02500,40,Female,Finance,Analyst,4684,No,26,0,1,3,No
EMP02501,35,Female,IT,Analyst,5281,Yes,5,4,3,3,No
EMP02502,30,Male,IT,Developer,8971,Yes,23,1,3,2,No
EMP02503,36,Female,Marketing,Analyst,5556,No,19,2,3,3,No
EMP02504,28,Male,Sales,Executive,6923,No,1,0,3,2,No
EMP02505,43,Female,Marketing,Senior Manager,21639,No,3,13,3,2,No
EMP02506,37,Male,HR,Executive,5541,No,7,3,3,3,No
EMP02507,60,Male,Sales,Senior Manager,18741,No,2,14,3,4,No
EMP02508,42,Male,IT,Analyst,8551,Yes,6,4,4,3,No
EMP02509,23,Male,Marketing,Analyst,7695,No,6,0,3,2,Yes
EMP02510,46,Male,Marketing,Specialist,6133,No,29,6,3,3,No
EMP02511,30,Female,IT,Analyst,5215,No,37,2,2,1,Yes
EMP02512,43,Female,IT,Developer,8353,Yes,4,8,4,1,No
EMP02513,42,Male,HR,Specialist,9791,No,7,5,3,2,No
EMP02514,28,Female,Finance,Analyst,5480,Yes,10,0,2,3,No
EMP02515,34,Female,Finance,Analyst,8510,No,29,4,2,4,No
EMP02516,25,Male,HR,Specialist,8121,No,11,3,3,4,No
EMP02517,45,Female,IT,Developer,9922,No,23,3,3,2,No
EMP02518,32,Male,IT,Developer,11028,No,13,0,3,4,No
EMP02519,26,Male,HR,Specialist,6727,No,13,0,3,2,No
EMP02520,40,Female,HR,Analyst,4807,No,6,5,2,1,Yes
EMP02521,35,Female,HR,Analyst,5355,No,17,0,3,4,No
EMP02522,31,Male,Sales,Executive,4457,Yes,18,0,3,2,Yes
EMP02523,26,Female,IT,Developer,9084,Yes,25,0,4,3,Yes
EMP02524,24,Male,HR,Executive,4210,No,9,0,3,3,No
EMP02525,35,Male,Marketing,Analyst,6032,Yes,6,1,3,3,No
EMP02526,35,Female,Marketing,Specialist,8944,No,16,1,2,1,No
EMP02527,27,Male,Finance,Specialist,5386,No,40,3,3,3,No
EMP02528,39,Male,IT,Senior Manager,14933,No,9,10,3,3,No
EMP02529,39,Female,Sales,Manager,12213,No,50,7,1,3,No
EMP02530,22,Male,Marketing,Executive,5102,Yes,8,0,3,2,Yes
EMP02531,38,Male,IT,Developer,5785,Yes,10,5,2,3,Yes
EMP02532,26,Female,Marketing,Executive,5767,No,23,3,3,4,No
EMP02533,42,Male,Finance,Analyst,8407,No,19,2,2,2,No
EMP02534,34,Male,Marketing,Analyst,4627,No,8,0,2,2,Yes
EMP02535,36,Male,IT,Manager,16197,No,35,8,3,3,No
EMP02536,50,Female,Finance,Manager,15502,No,25,11,3,3,No
EMP02537,42,Male,Finance,Manager,12467,No,8,9,2,1,No
EMP02538,23,Female,Sales,Analyst,6989,No,13,0,3,4,No
EMP02539,36,Male,Sales,Executive,4274,Yes,5,6,3,3,Yes
EMP02540,23,Male,Sales,Executive,5542,No,6,2,3,3,No
EMP02541,34,Male,IT,Developer,8209,No,15,4,4,4,No
EMP02542,22,Male,Sales,Analyst,8259,No,5,0,3,4,No
EMP02543,27,Male,IT,Specialist,5638,No,2,2,3,3,No
EMP02544,37,Female,IT,Developer,10739,Yes,10,2,3,3,Yes
EMP02545,42,Female,Marketing,Analyst,6680,No,13,3,3,3,No
EMP02546,24,Male,Marketing,Analyst,8490,No,19,0,3,3,No
EMP02547,33,Male,HR,Specialist,9052,No,10,0,3,4,No
EMP02548,37,Male,IT,Developer,11383,No,18,5,3,4,No
EMP02549,39,Female,IT,Developer,8476,Yes,6,3,3,2,No
EMP02550,34,Female,IT,Developer,6542,Yes,21,4,3,2,Yes
EMP02551,38,Male,Sales,Executive,7123,No,17,0,3,3,No
EMP02552,40,Male,IT,Developer,10173,No,25,5,2,2,No
EMP02553,33,Male,Marketing,Analyst,5163,No,10,0,3,3,Yes
EMP02554,37,Male,IT,Developer,6092,No,14,4,3,2,No
EMP02555,22,Female,Marketing,Executive,5394,Yes,25,0,3,2,Yes
EMP02556,34,Male,Finance,Analyst,5729,No,25,5,3,3,No
EMP02557,37,Male,HR,Specialist,9389,No,38,5,3,4,No
EMP02558,28,Male,HR,Analyst,5734,No,10,3,3,3,Yes
EMP02559,37,Female,Sales,Executive,6499,No,17,0,2,2,No
EMP02560,33,Female,HR,Executive,5425,No,7,4,3,2,No
EMP02561,30,Female,IT,Developer,6766,No,2,0,4,3,No
EMP02562,36,Female,Sales,Analyst,4787,No,7,7,3,2,No
EMP02563,23,Male,IT,Developer,6766,No,26,2,3,1,Yes
EMP02564,25,Female,Finance,Analyst,6893,Yes,10,1,2,3,Yes
EMP02565,38,Female,Sales,Specialist,7886,No,20,6,1,2,No
EMP02566,39,Male,Marketing,Executive,6315,No,3,6,4,3,No
EMP02567,32,Male,IT,Developer,9544,No,26,3,3,2,No
EMP02568,24,Female,Finance,Analyst,4822,No,22,3,4,4,No
EMP02569,53,Male,Marketing,Manager,10128,No,13,8,3,3,No
EMP02570,33,Female,IT,Executive,5641,No,50,0,2,3,No
EMP02571,24,Male,IT,Specialist,9535,Yes,8,2,3,1,No
EMP02572,32,Male,IT,Developer,9238,Yes,8,0,3,3,No
EMP02573,37,Female,Sales,Executive,4502,Yes,29,0,3,2,Yes
EMP02574,44,Female,IT,Manager,14412,No,15,11,3,2,No
EMP02575,45,Male,IT,Developer,11889,Yes,9,6,4,3,No
EMP02576,27,Female,Finance,Analyst,5754,No,23,0,3,3,No
EMP02577,29,Male,IT,Developer,10432,Yes,11,0,2,2,No
EMP02578,23,Male,Marketing,Analyst,5795,No,21,0,3,2,No
EMP02579,23,Female,Sales,Analyst,4918,No,14,2,3,2,No
EMP02580,29,Male,Finance,Executive,6992,No,48,1,3,3,No
EMP02581,29,Male,HR,Analyst,6024,Yes,29,2,2,3,Yes
EMP02582,40,Male,Finance,Executive,6913,No,4,3,3,4,No
EMP02583,27,Male,IT,Developer,11329,Yes,27,4,3,2,No
EMP02584,28,Male,HR,Analyst,7205,No,9,0,3,3,No
EMP02585,36,Male,IT,Analyst,7561,No,8,4,2,3,No
EMP02586,23,Male,Sales,Executive,5632,No,4,1,3,3,No
EMP02587,34,Male,IT,Developer,5959,No,2,2,3,2,No
EMP02588,25,Female,HR,Analyst,6357,No,7,0,3,3,No
EMP02589,47,Male,Marketing,Manager,16324,No,11,9,3,4,No
EMP02590,40,Male,IT,Analyst,7866,No,3,3,4,4,No
EMP02591,22,Male,Marketing,Executive,5726,No,1,0,3,2,Yes
EMP02592,30,Female,Marketing,Analyst,5612,Yes,17,1,3,3,No
EMP02593,41,Female,Marketing,Analyst,8002,No,7,1,2,1,No
EMP02594,32,Female,Sales,Executive,5724,Yes,3,0,4,2,No
EMP02595,33,Male,Marketing,Executive,6348,Yes,19,2,3,3,No
EMP02596,41,Female,IT,Analyst,5953,Yes,25,0,3,2,Yes
EMP02597,26,Male,IT,Developer,7807,No,20,1,3,4,No
EMP02598,34,Male,IT,Manager,9999,No,37,5,3,2,No
EMP02599,31,Female,Finance,Executive,4157,No,21,4,3,3,No
EMP02600,42,Male,Sales,Analyst,6408,Yes,18,4,3,1,No
EMP02601,31,Male,IT,Developer,12063,Yes,16,3,3,3,No
EMP02602,46,Female,IT,Specialist,6988,No,12,11,2,3,No
EMP02603,24,Male,HR,Analyst,8416,No,14,0,3,1,No
EMP02604,23,Male,Marketing,Analyst,7859,No,3,0,3,4,No
EMP02605,46,Male,IT,Specialist,7010,Yes,18,4,3,2,No
EMP02606,42,Female,HR,Analyst,6937,No,16,2,3,3,No
EMP02607,27,Female,Finance,Specialist,7719,No,10,1,3,3,No
EMP02608,36,Male,Finance,Manager,12671,Yes,17,4,3,2,No
EMP02609,25,Female,Sales,Executive,5744,No,4,3,3,3,No
EMP02610,41,Male,Finance,Analyst,5014,Yes,19,8,4,3,No
EMP02611,33,Male,HR,Manager,11316,Yes,7,0,4,3,No
EMP02612,30,Female,IT,Developer,6414,Yes,5,1,3,2,No
EMP02613,30,Female,Finance,Executive,5599,No,13,1,3,2,No
EMP02614,41,Female,Finance,Analyst,4881,No,13,6,2,3,Yes
EMP02615,34,Male,IT,Executive,6460,No,27,0,3,4,Yes
EMP02616,27,Male,IT,Developer,8870,No,24,1,1,3,Yes
EMP02617,24,Male,IT,Developer,6251,No,19,2,3,4,Yes
EMP02618,40,Female,HR,Analyst,6742,No,21,3,4,4,No
EMP02619,27,Female,HR,Specialist,6676,Yes,13,1,3,3,No
EMP02620,39,Female,Marketing,Executive,7029,No,26,1,2,2,Yes
EMP02621,24,Female,Finance,Analyst,7927,No,11,0,3,3,Yes
EMP02622,25,Female,Marketing,Executive,4944,No,4,0,3,3,No
EMP02623,37,Female,Marketing,Analyst,7701,No,2,0,4,3,No
EMP02624,26,Female,Marketing,Executive,5006,No,9,0,4,3,Yes
EMP02625,37,Female,Finance,Analyst,6881,Yes,33,2,4,1,No
EMP02626,36,Female,Finance,Analyst,5162,No,32,2,3,2,Yes
EMP02627,32,Male,IT,Specialist,8088,Yes,27,2,2,3,No
EMP02628,32,Female,Finance,Analyst,8138,No,18,0,3,3,No
EMP02629,23,Male,HR,Executive,7140,No,41,0,3,3,Yes
EMP02630,37,Female,IT,Developer,7529,Yes,23,0,3,3,Yes
EMP02631,30,Female,HR,Specialist,6736,No,19,2,2,4,No
EMP02632,46,Male,HR,Specialist,10309,No,6,11,3,2,No
EMP02633,22,Male,Sales,Executive,6813,Yes,16,0,3,1,Yes
EMP02634,42,Male,HR,Analyst,4702,No,32,3,4,2,No
EMP02635,29,Male,IT,Analyst,4696,No,19,2,2,3,No
EMP02636,29,Male,HR,Executive,4686,No,35,1,3,3,No
EMP02637,44,Female,HR,Specialist,7627,Yes,9,10,3,2,No
EMP02638,37,Female,Sales,Executive,7431,No,12,5,3,3,No
EMP02639,24,Male,Finance,Analyst,8179,No,17,1,3,2,Yes
EMP02640,45,Male,IT,Developer,10488,Yes,3,7,4,3,No
EMP02641,36,Male,Finance,Analyst,7177,No,6,0,3,3,No
EMP02642,52,Female,Sales,Manager,11785,No,17,17,3,3,No
EMP02643,38,Male,Finance,Analyst,8312,No,19,4,4,2,No
EMP02644,24,Female,Finance,Developer,8399,Yes,6,0,3,2,No
EMP02645,38,Female,Sales,Analyst,7322,Yes,45,0,4,3,Yes
EMP02646,26,Female,IT,Developer,8092,No,24,0,2,4,No
EMP02647,59,Male,IT,Senior Manager,16802,No,37,19,3,2,No
EMP02648,37,Male,IT,Developer,10970,Yes,10,5,3,2,No
EMP02649,26,Male,IT,Developer,11158,No,11,4,3,3,No
EMP02650,40,Male,HR,Analyst,8646,No,8,9,3,4,No
EMP02651,45,Male,Marketing,Senior Manager,18481,No,33,10,3,3,No
EMP02652,38,Male,Sales,Executive,7291,Yes,13,2,3,2,No
EMP02653,45,Female,IT,Specialist,7019,No,13,8,3,4,No
EMP02654,27,Female,IT,Developer,11034,Yes,10,0,3,4,No
EMP02655,31,Male,IT,Developer,10982,No,9,0,3,3,No
EMP02656,25,Male,IT,Executive,5720,Yes,34,2,2,2,No
EMP02657,36,Female,HR,Specialist,9153,No,15,3,2,3,No
EMP02658,41,Male,Finance,Analyst,5759,No,6,1,1,2,No
EMP02659,29,Female,Sales,Developer,9947,No,14,5,3,2,No
EMP02660,28,Male,Sales,Executive,7400,No,6,0,3,3,No
EMP02661,26,Female,Sales,Analyst,7214,Yes,14,0,4,3,No
EMP02662,40,Male,Marketing,Executive,7297,No,15,9,3,1,No
EMP02663,37,Male,Marketing,Analyst,4835,No,15,2,4,2,No
EMP02664,36,Male,Sales,Executive,4070,No,12,0,4,4,No
EMP02665,30,Female,Marketing,Executive,7619,No,4,7,2,2,No
EMP02666,37,Female,Finance,Analyst,5892,No,15,5,3,3,No
EMP02667,30,Male,IT,Developer,6155,Yes,4,0,2,4,No
EMP02668,36,Female,Finance,Specialist,8069,No,14,1,3,2,Yes
EMP02669,30,Female,HR,Analyst,6374,No,17,2,3,4,No
EMP02670,26,Female,Finance,Executive,6939,No,3,2,3,1,No
EMP02671,52,Male,Sales,Senior Manager,23500,No,16,15,4,4,No
EMP02672,40,Male,IT,Developer,7786,No,28,5,1,2,No
EMP02673,28,Male,Finance,Analyst,4777,No,19,1,2,3,No
EMP02674,34,Female,HR,Executive,6768,No,10,5,3,1,No
EMP02675,26,Female,IT,Developer,6807,No,4,4,2,3,No
EMP02676,33,Male,Sales,Manager,13746,Yes,7,4,3,3,No
EMP02677,32,Male,IT,Executive,6523,No,13,0,2,3,No
EMP02678,39,Male,Finance,Analyst,6739,No,17,6,3,4,No
EMP02679,36,Male,Marketing,Executive,4415,No,27,2,3,3,Yes
EMP02680,55,Male,Sales,Senior Manager,21171,No,5,17,3,4,No
EMP02681,40,Male,HR,Analyst,4611,No,13,1,2,3,No
EMP02682,26,Female,Finance,Analyst,5492,No,13,0,3,3,No
EMP02683,45,Male,Marketing,Manager,14216,Yes,6,13,3,1,No
EMP02684,24,Male,HR,Developer,7891,No,3,1,3,2,No
EMP02685,26,Female,HR,Analyst,7711,No,9,0,3,4,No
EMP02686,37,Male,HR,Manager,11254,No,4,2,3,3,No
EMP02687,42,Male,Finance,Specialist,8786,No,7,3,3,3,No
EMP02688,22,Male,Marketing,Executive,6779,No,16,1,2,4,No
EMP02689,32,Male,HR,Specialist,5376,No,22,3,3,3,No
EMP02690,42,Male,IT,Specialist,7661,No,6,5,3,2,No
EMP02691,40,Male,Sales,Analyst,5066,Yes,25,5,4,4,No
EMP02692,32,Female,Sales,Executive,6462,No,15,5,2,4,No
EMP02693,33,Male,Finance,Analyst,4880,Yes,32,3,3,3,No
EMP02694,38,Male,IT,Executive,6506,No,23,2,3,3,No
EMP02695,46,Male,Marketing,Manager,17352,No,10,11,3,3,No
EMP02696,38,Female,Finance,Developer,12472,No,7,5,3,4,No
EMP02697,59,Male,IT,Senior Manager,18251,No,32,17,4,3,No
EMP02698,41,Male,Marketing,Specialist,6257,Yes,21,5,3,2,Yes
EMP02699,45,Male,IT,Developer,5797,Yes,6,5,4,3,No
EMP02700,28,Male,IT,Developer,7933,No,10,7,3,3,No
EMP02701,49,Female,HR,Manager,9873,No,8,10,3,3,No
EMP02702,25,Female,HR,Analyst,5687,Yes,39,1,3,3,No
EMP02703,28,Female,Finance,Analyst,6987,No,4,3,3,2,No
EMP02704,27,Female,Sales,Executive,4171,Yes,50,0,4,3,No
EMP02705,23,Female,Marketing,Executive,6901,No,17,0,4,3,No
EMP02706,39,Female,HR,Executive,6722,Yes,8,2,2,2,No
EMP02707,40,Female,IT,Developer,8578,No,14,4,3,3,No
EMP02708,28,Female,HR,Analyst,4876,Yes,20,0,4,3,Yes
EMP02709,46,Female,IT,Manager,13046,No,40,12,1,3,No
EMP02710,25,Female,IT,Developer,10875,Yes,13,0,3,2,No
EMP02711,37,Male,HR,Executive,6948,No,26,1,3,2,No
EMP02712,31,Female,Finance,Analyst,7827,No,17,3,3,3,No
EMP02713,37,Male,HR,Manager,13859,No,5,7,3,4,No
EMP02714,39,Female,Sales,Executive,6263,Yes,10,0,2,2,Yes
EMP02715,45,Female,IT,Developer,9518,Yes,19,2,3,2,No
EMP02716,37,Male,HR,Executive,5612,Yes,11,0,3,2,Yes
EMP02717,26,Female,Finance,Analyst,8441,No,2,0,2,4,No
EMP02718,36,Male,Marketing,Developer,10100,No,18,0,3,4,No
EMP02719,55,Female,Marketing,Manager,11607,Yes,25,15,3,2,No
EMP02720,52,Female,Sales,Manager,10998,No,28,14,3,4,No
EMP02721,40,Male,Sales,Specialist,9650,No,3,5,3,4,No
EMP02722,35,Male,Sales,Executive,4697,No,16,3,4,3,No
EMP02723,47,Male,Marketing,Manager,13840,No,14,6,3,4,No
EMP02724,30,Male,Sales,Analyst,5053,No,50,5,1,3,No
EMP02725,29,Male,Finance,Executive,6824,Yes,3,2,3,2,No
EMP02726,44,Female,IT,Developer,9316,Yes,20,4,2,3,No
EMP02727,41,Male,Marketing,Analyst,5353,No,19,4,3,3,No
EMP02728,34,Male,Sales,Specialist,5392,No,12,2,3,3,Yes
EMP02729,35,Male,Sales,Executive,6764,Yes,6,4,2,4,Yes
EMP02730,26,Female,Sales,Executive,4753,No,19,0,3,3,No
EMP02731,33,Female,IT,Developer,11849,Yes,6,0,3,2,No
EMP02732,39,Female,HR,Analyst,5092,No,19,5,3,3,No
EMP02733,25,Male,Sales,Analyst,6507,Yes,42,0,1,2,Yes
EMP02734,29,Male,IT,Developer,9998,Yes,3,0,3,2,No
EMP02735,29,Male,Finance,Analyst,7687,No,13,2,2,3,No
EMP02736,43,Female,Finance,Manager,11393,No,8,10,3,1,No
EMP02737,32,Female,Finance,Specialist,7703,Yes,10,5,3,2,No
EMP02738,50,Male,Marketing,Manager,14400,No,16,7,3,3,No
EMP02739,56,Male,Finance,Senior Manager,22321,No,40,21,3,3,No
EMP02740,34,Female,Finance,Analyst,5057,Yes,10,1,2,2,Yes
EMP02741,30,Male,IT,Executive,5114,Yes,1,1,3,3,No
EMP02742,24,Male,Marketing,Analyst,7111,No,10,0,1,3,No
EMP02743,29,Female,HR,Analyst,5365,No,10,2,3,3,No
EMP02744,39,Male,HR,Specialist,8285,No,10,0,2,2,No
EMP02745,32,Male,Finance,Developer,8307,No,9,2,2,4,No
EMP02746,39,Male,Finance,Specialist,5313,No,30,3,3,3,No
EMP02747,36,Female,Sales,Analyst,4711,Yes,27,3,3,2,Yes
EMP02748,32,Female,HR,Analyst,8152,No,18,0,3,4,No
EMP02749,35,Male,Sales,Executive,6700,No,5,3,2,4,No
EMP02750,44,Male,Marketing,Manager,10788,Yes,50,7,3,4,No
EMP02751,23,Male,IT,Analyst,5608,No,4,2,3,2,No
EMP02752,38,Female,HR,Specialist,9035,No,2,4,2,3,No
EMP02753,26,Male,HR,Analyst,7943,No,4,4,3,4,No
EMP02754,32,Male,Marketing,Executive,5522,No,24,0,2,4,No
EMP02755,46,Male,IT,Senior Manager,14690,No,5,10,3,4,No
EMP02756,23,Male,HR,Analyst,7902,Yes,16,1,2,3,Yes
EMP02757,37,Male,IT,Specialist,5732,No,8,7,2,4,No
EMP02758,25,Female,IT,Developer,8453,No,26,3,4,3,No
EMP02759,37,Female,Marketing,Analyst,5422,No,16,5,3,3,No
EMP02760,27,Male,Finance,Analyst,6301,No,6,0,3,1,No
EMP02761,33,Male,Finance,Executive,5085,No,5,2,2,3,No
EMP02762,35,Male,Marketing,Specialist,9735,No,10,7,3,4,No
EMP02763,57,Male,Finance,Senior Manager,15503,No,19,14,3,2,No
EMP02764,43,Female,Sales,Developer,11956,No,9,3,2,3,No
EMP02765,22,Male,Marketing,Analyst,4785,No,2,1,3,2,Yes
EMP02766,54,Male,Sales,Manager,10872,No,18,11,3,3,No
EMP02767,52,Male,IT,Manager,16173,No,5,12,2,1,Yes
EMP02768,30,Female,IT,Specialist,6208,Yes,6,2,1,4,Yes
EMP02769,36,Male,IT,Developer,10959,Yes,10,8,3,2,Yes
EMP02770,34,Male,IT,Developer,7788,No,18,4,3,4,No
EMP02771,60,Female,IT,Senior Manager,20858,No,6,16,3,2,No
EMP02772,41,Male,Marketing,Manager,16555,Yes,21,10,4,3,No
EMP02773,26,Male,Marketing,Specialist,6686,No,11,5,4,3,No
EMP02774,46,Male,HR,Senior Manager,15784,No,3,18,3,1,No
EMP02775,39,Female,IT,Senior Manager,21196,No,17,6,2,3,No
EMP02776,45,Female,Finance,Developer,7009,No,23,4,2,4,No
EMP02777,22,Male,Marketing,Analyst,7742,Yes,13,1,3,2,No
EMP02778,41,Female,Finance,Analyst,6059,No,30,1,3,3,No
EMP02779,24,Male,Sales,Executive,4148,Yes,24,0,3,2,Yes
EMP02780,51,Male,Marketing,Senior Manager,22957,No,8,16,2,1,No
EMP02781,32,Female,IT,Executive,4738,No,10,4,3,4,Yes
EMP02782,36,Male,Marketing,Analyst,8612,Yes,4,2,4,2,No
EMP02783,25,Male,IT,Specialist,5562,Yes,16,4,3,2,No
EMP02784,31,Female,Finance,Developer,7623,No,5,7,3,4,No
EMP02785,26,Female,Marketing,Analyst,5042,No,25,0,2,3,Yes
EMP02786,32,Female,IT,Developer,11967,No,11,5,3,3,No
EMP02787,32,Male,IT,Specialist,7589,No,21,4,3,3,No
EMP02788,28,Female,Sales,Executive,6529,No,10,1,3,1,No
EMP02789,30,Male,Marketing,Specialist,7725,Yes,14,1,2,3,No
EMP02790,38,Male,Finance,Analyst,6361,Yes,12,0,4,2,Yes
EMP02791,47,Male,HR,Senior Manager,18163,No,11,15,3,3,No
EMP02792,40,Male,Sales,Analyst,7849,No,5,9,2,3,No
EMP02793,38,Female,Finance,Manager,14914,No,16,9,3,4,No
EMP02794,35,Female,IT,Specialist,5884,No,20,0,3,3,No
EMP02795,55,Male,Marketing,Manager,15083,No,18,14,3,1,No
EMP02796,48,Male,IT,Senior Manager,23500,Yes,4,15,3,4,No
EMP02797,50,Male,IT,Senior Manager,21844,No,14,17,3,4,No
EMP02798,35,Male,Finance,Executive,6837,Yes,25,2,3,3,Yes
EMP02799,46,Male,Marketing,Specialist,8019,No,23,8,3,2,No
EMP02800,26,Male,IT,Analyst,6311,Yes,12,0,4,3,No
EMP02801,33,Female,IT,Manager,15479,No,14,8,2,2,No
EMP02802,28,Female,IT,Developer,6931,No,7,2,3,4,No
EMP02803,25,Male,HR,Analyst,8492,Yes,39,1,3,2,No
EMP02804,35,Male,HR,Executive,4379,Yes,18,0,3,4,Yes
EMP02805,43,Male,HR,Specialist,5347,No,27,6,3,4,No
EMP02806,31,Male,Sales,Executive,4025,Yes,30,0,3,2,Yes
EMP02807,36,Female,HR,Analyst,7425,No,6,5,3,3,No
EMP02808,24,Male,Sales,Executive,5267,Yes,19,0,3,3,Yes
EMP02809,52,Female,Finance,Manager,10273,Yes,7,8,3,2,No
EMP02810,23,Female,IT,Developer,10697,No,9,2,2,3,No
EMP02811,29,Male,IT,Developer,6737,No,31,0,2,4,Yes
EMP02812,28,Male,Sales,Analyst,6454,No,6,3,3,3,No
EMP02813,45,Female,IT,Developer,10784,Yes,11,6,1,3,No
EMP02814,45,Female,HR,Specialist,7252,No,17,8,4,4,No
EMP02815,31,Female,Finance,Manager,16207,No,4,4,4,2,No
EMP02816,36,Female,Sales,Executive,7769,No,14,9,3,3,No
EMP02817,35,Male,Sales,Executive,5993,No,20,8,3,3,No
EMP02818,22,Female,Finance,Analyst,5230,Yes,19,1,2,3,No
EMP02819,35,Female,IT,Developer,10202,Yes,1,3,3,3,Yes
EMP02820,36,Male,Finance,Specialist,7788,Yes,6,4,3,1,No
EMP02821,31,Female,Finance,Analyst,8233,No,8,2,3,4,No
EMP02822,38,Male,Finance,Developer,5639,No,2,3,3,3,No
EMP02823,33,Male,Finance,Analyst,7908,No,32,2,1,4,Yes
EMP02824,27,Female,Marketing,Analyst,6694,No,19,0,3,3,No
EMP02825,24,Male,Finance,Analyst,6293,No,4,1,3,3,No
EMP02826,42,Male,IT,Analyst,7976,Yes,26,7,3,3,No
EMP02827,24,Female,Marketing,Analyst,6287,Yes,12,0,3,2,No
EMP02828,35,Female,HR,Analyst,6741,No,15,1,3,2,No
EMP02829,28,Male,HR,Specialist,9677,No,4,5,1,3,No
EMP02830,35,Male,IT,Developer,7984,No,6,3,3,2,No
EMP02831,29,Male,Finance,Specialist,7991,No,12,1,1,4,No
EMP02832,35,Male,IT,Developer,7324,No,7,4,2,4,No
EMP02833,40,Female,HR,Specialist,9202,No,6,5,4,3,No
EMP02834,40,Female,IT,Executive,5393,Yes,17,2,3,4,Yes
EMP02835,33,Male,IT,Developer,5764,Yes,9,2,3,4,No
EMP02836,30,Male,Marketing,Executive,4196,No,26,4,4,3,No
EMP02837,37,Male,Marketing,Analyst,6936,No,10,5,2,3,No
EMP02838,42,Female,Finance,Developer,10890,Yes,40,2,3,3,Yes
EMP02839,30,Male,Sales,Analyst,7414,No,27,0,2,3,No
EMP02840,40,Male,Sales,Analyst,8579,No,18,7,3,3,No
EMP02841,40,Male,Marketing,Executive,4672,Yes,4,6,4,2,Yes
EMP02842,43,Male,IT,Developer,9978,Yes,3,4,3,4,No
EMP02843,54,Male,Finance,Manager,17263,No,8,17,3,3,No
EMP02844,24,Male,HR,Analyst,6198,No,11,0,3,3,No
EMP02845,38,Female,IT,Developer,10051,Yes,9,4,3,2,No
EMP02846,38,Male,IT,Developer,8547,No,2,0,2,3,No
EMP02847,27,Male,HR,Analyst,6422,No,6,1,2,3,No
EMP02848,36,Female,Sales,Executive,6495,No,20,1,3,4,No
EMP02849,25,Male,HR,Analyst,5750,Yes,11,4,3,3,No
EMP02850,37,Male,Finance,Executive,4400,Yes,9,2,3,4,No
EMP02851,36,Male,IT,Developer,7644,No,4,2,3,3,No
EMP02852,27,Female,IT,Developer,8039,No,37,0,3,4,No
EMP02853,39,Female,IT,Developer,11826,Yes,9,5,2,2,Yes
EMP02854,35,Female,IT,Developer,7107,No,15,4,1,3,No
EMP02855,39,Female,IT,Developer,8457,Yes,21,1,3,3,Yes
EMP02856,45,Female,IT,Developer,10497,No,21,9,4,2,No
EMP02857,40,Female,Finance,Manager,16089,No,6,10,3,4,No
EMP02858,37,Female,IT,Developer,9519,No,11,1,2,3,No
EMP02859,56,Male,Sales,Senior Manager,23500,Yes,31,22,2,3,No
EMP02860,27,Male,HR,Analyst,6676,Yes,13,0,4,2,Yes
EMP02861,44,Female,Finance,Specialist,8760,No,14,9,3,3,No
EMP02862,28,Male,Finance,Analyst,7101,No,6,0,3,3,No
EMP02863,37,Male,Sales,Executive,5826,Yes,5,2,3,4,No
EMP02864,42,Male,IT,Developer,11763,No,16,7,3,4,No
EMP02865,42,Female,IT,Manager,10177,No,9,7,4,2,No
EMP02866,44,Female,Sales,Manager,11088,No,19,13,4,3,No
EMP02867,27,Male,Finance,Analyst,8025,No,37,0,4,3,No
EMP02868,24,Male,Sales,Executive,5502,No,34,3,4,4,Yes
EMP02869,39,Male,Sales,Executive,5724,No,9,3,3,2,No
EMP02870,42,Female,Finance,Analyst,7442,No,8,6,3,1,No
EMP02871,41,Female,IT,Developer,8472,No,18,4,2,3,No
EMP02872,27,Female,Sales,Executive,4564,No,26,3,3,3,No
EMP02873,37,Female,HR,Analyst,7222,Yes,5,1,4,2,Yes
EMP02874,35,Male,Sales,Analyst,5900,No,7,0,3,3,No
EMP02875,25,Male,Finance,Analyst,4683,Yes,13,0,3,3,No
EMP02876,25,Female,Finance,Analyst,4972,Yes,36,0,4,2,Yes
EMP02877,59,Male,Finance,Senior Manager,15294,No,14,19,2,3,No
EMP02878,25,Male,Marketing,Analyst,6695,No,7,3,2,2,No
EMP02879,44,Female,IT,Developer,10278,Yes,23,6,3,3,No
EMP02880,32,Male,IT,Developer,11308,Yes,11,6,4,2,No
EMP02881,50,Female,Sales,Manager,15249,No,8,11,4,3,No
EMP02882,32,Male,Finance,Analyst,7774,No,50,2,4,1,No
EMP02883,40,Female,Sales,Manager,17187,No,6,10,3,4,No
EMP02884,25,Female,Sales,Specialist,6260,Yes,8,0,1,2,Yes
EMP02885,35,Male,IT,Developer,10199,Yes,18,6,1,3,No
EMP02886,40,Male,HR,Analyst,5361,Yes,7,0,3,3,Yes
EMP02887,24,Male,Sales,Analyst,4995,No,14,1,1,4,No
EMP02888,42,Female,IT,Developer,6633,Yes,11,2,3,4,No
EMP02889,34,Female,Sales,Analyst,6417,No,33,3,2,4,No
EMP02890,36,Male,Marketing,Executive,7427,No,16,5,3,2,No
EMP02891,33,Female,HR,Analyst,8705,No,23,7,3,3,No
EMP02892,29,Female,Finance,Analyst,5665,No,10,0,3,3,Yes
EMP02893,35,Male,Sales,Manager,11018,No,10,6,4,3,No
EMP02894,32,Female,Sales,Manager,13464,No,15,5,3,3,No
EMP02895,41,Male,Finance,Senior Manager,20821,No,14,12,3,3,No
EMP02896,36,Male,Finance,Specialist,8913,No,13,2,3,2,No
EMP02897,35,Female,IT,Developer,12192,No,23,3,4,1,No
EMP02898,37,Female,Finance,Analyst,5749,Yes,7,2,3,4,No
EMP02899,34,Male,Sales,Executive,4832,No,4,0,2,4,No
EMP02900,30,Male,Sales,Executive,7139,No,15,0,3,2,No
EMP02901,36,Female,Marketing,Analyst,8381,No,11,4,3,4,No
EMP02902,36,Male,IT,Developer,8544,No,47,2,3,3,No
EMP02903,31,Female,Sales,Executive,7180,Yes,15,0,3,3,No
EMP02904,22,Female,HR,Analyst,5739,No,27,1,3,2,No
EMP02905,35,Female,Finance,Executive,5046,No,27,1,4,2,No
EMP02906,23,Male,HR,Analyst,6858,No,14,0,2,3,No
EMP02907,46,Male,HR,Specialist,9505,Yes,7,1,3,3,Yes
EMP02908,27,Male,Finance,Executive,4257,No,12,1,3,3,No
EMP02909,25,Male,Sales,Executive,4849,Yes,19,0,3,3,Yes
EMP02910,42,Female,Finance,Analyst,6853,No,19,3,2,2,No
EMP02911,38,Male,Finance,Analyst,7976,No,21,0,4,4,No
EMP02912,54,Female,Sales,Senior Manager,21415,Yes,11,11,3,2,Yes
EMP02913,33,Female,IT,Developer,6555,Yes,45,0,3,1,Yes
EMP02914,29,Male,Marketing,Specialist,5421,No,32,0,3,3,No
EMP02915,24,Male,IT,Developer,7755,Yes,6,2,3,3,No
EMP02916,43,Female,IT,Developer,10294,No,13,11,1,3,No
EMP02917,28,Female,Marketing,Specialist,9571,No,11,5,3,4,No
EMP02918,39,Female,Marketing,Analyst,7626,No,17,3,3,3,No
EMP02919,46,Female,Marketing,Specialist,6178,No,16,1,2,4,No
EMP02920,23,Female,Sales,Executive,6224,No,3,2,2,3,No
EMP02921,24,Male,Finance,Specialist,7435,Yes,16,1,2,3,No
EMP02922,44,Male,IT,Developer,7935,No,12,6,2,3,No
EMP02923,24,Female,IT,Developer,11022,Yes,18,3,4,3,No
EMP02924,22,Female,Sales,Executive,5662,Yes,21,1,2,3,No
EMP02925,27,Female,Sales,Specialist,5678,Yes,35,2,1,2,Yes
EMP02926,37,Female,Finance,Analyst,7482,No,27,0,2,3,No
EMP02927,46,Male,Marketing,Specialist,7464,No,7,5,3,3,No
EMP02928,31,Female,Marketing,Analyst,6987,No,26,1,1,2,Yes
EMP02929,25,Female,IT,Executive,4901,No,28,0,3,3,No
EMP02930,40,Female,Sales,Specialist,7725,Yes,17,4,2,2,No
EMP02931,53,Female,Finance,Senior Manager,16003,No,14,12,2,4,No
EMP02932,36,Female,IT,Developer,6275,No,6,4,4,2,No
EMP02933,26,Female,Marketing,Analyst,7892,No,14,3,1,3,No
EMP02934,54,Male,IT,Manager,11671,No,50,18,3,3,No
EMP02935,35,Female,HR,Analyst,5289,Yes,2,1,3,4,No
EMP02936,31,Male,IT,Developer,10955,No,8,2,3,4,No
EMP02937,39,Male,Finance,Analyst,4694,No,50,4,3,1,No
EMP02938,28,Female,Finance,Analyst,5057,No,4,1,3,3,No
EMP02939,33,Female,HR,Manager,12252,No,7,7,1,3,No
EMP02940,26,Female,Sales,Executive,7193,Yes,10,3,2,2,No
EMP02941,30,Female,IT,Analyst,7244,Yes,9,1,2,1,No
EMP02942,42,Male,Finance,Specialist,9147,No,29,8,3,3,No
EMP02943,23,Male,Sales,Executive,6909,Yes,39,2,2,2,No
EMP02944,47,Male,Finance,Senior Manager,18080,No,8,11,3,3,No
EMP02945,28,Female,HR,Developer,11467,Yes,19,0,3,2,No
EMP02946,40,Male,Sales,Manager,14583,Yes,25,5,3,2,No
EMP02947,37,Male,Marketing,Executive,7514,No,6,3,3,3,No
EMP02948,23,Female,Sales,Executive,5710,Yes,12,2,4,2,Yes
EMP02949,23,Male,Finance,Analyst,8321,No,19,2,3,4,No
EMP02950,28,Male,IT,Specialist,8609,Yes,10,0,4,2,Yes
EMP02951,25,Male,Marketing,Analyst,6818,No,1,2,3,1,Yes
EMP02952,39,Female,HR,Analyst,7059,Yes,5,1,3,3,No
EMP02953,25,Female,Marketing,Executive,6134,No,17,0,3,4,No
EMP02954,37,Male,Marketing,Executive,4693,No,17,4,4,4,No
EMP02955,32,Female,HR,Executive,7906,Yes,33,7,3,2,No
EMP02956,36,Male,HR,Developer,7889,No,28,2,3,4,No
EMP02957,29,Female,IT,Analyst,5818,Yes,25,0,3,3,No
EMP02958,41,Male,Marketing,Senior Manager,16189,Yes,23,10,3,3,No
EMP02959,39,Female,IT,Developer,10987,No,10,6,3,4,No
EMP02960,42,Female,Marketing,Analyst,8447,No,21,8,3,3,No
EMP02961,25,Female,Sales,Executive,4688,No,16,4,4,4,No
EMP02962,27,Female,Sales,Analyst,5387,No,8,6,1,3,No
EMP02963,27,Male,Marketing,Specialist,8893,Yes,13,0,2,2,Yes
EMP02964,32,Male,Finance,Analyst,6259,No,9,0,2,3,No
EMP02965,26,Male,IT,Developer,6340,No,9,0,3,3,No
EMP02966,44,Male,IT,Manager,15176,No,7,9,3,3,No
EMP02967,31,Male,Marketing,Specialist,7041,No,16,10,3,3,No
EMP02968,40,Female,Marketing,Executive,5326,No,7,5,4,1,No
EMP02969,36,Male,IT,Developer,11484,No,18,5,3,2,No
EMP02970,30,Male,HR,Analyst,7875,No,1,7,3,4,No
EMP02971,36,Male,Finance,Executive,6039,Yes,17,2,2,2,Yes
EMP02972,42,Female,IT,Analyst,5060,No,38,2,2,3,Yes
EMP02973,35,Male,Marketing,Executive,6751,No,17,0,2,2,No
EMP02974,38,Female,IT,Analyst,4623,No,5,0,4,4,No
EMP02975,25,Female,HR,Specialist,8550,Yes,9,1,3,2,No
EMP02976,29,Female,IT,Developer,8795,No,14,3,2,3,No
EMP02977,27,Male,Sales,Executive,4142,Yes,18,0,3,3,No
EMP02978,28,Female,Sales,Analyst,7865,Yes,24,2,3,3,No
EMP02979,31,Female,HR,Executive,4676,No,26,4,3,3,No
EMP02980,50,Male,IT,Senior Manager,22121,No,1,17,3,3,No
EMP02981,24,Female,Marketing,Analyst,6340,No,24,0,3,3,Yes
EMP02982,39,Male,HR,Executive,6150,No,21,0,3,4,No
EMP02983,41,Male,Marketing,Analyst,7449,No,11,7,1,3,No
EMP02984,30,Female,HR,Analyst,7823,No,37,2,3,4,No
EMP02985,37,Female,IT,Developer,7477,Yes,4,9,3,3,No
EMP02986,55,Male,Sales,Senior Manager,19983,No,3,16,3,3,No
EMP02987,23,Male,Marketing,Executive,4141,No,18,2,3,3,No
EMP02988,40,Male,IT,Developer,5851,No,7,2,3,2,No
EMP02989,25,Male,Sales,Executive,5481,No,12,0,2,3,No
EMP02990,22,Male,Marketing,Executive,4024,No,44,0,4,4,No
EMP02991,33,Female,Sales,Executive,6881,Yes,5,6,2,3,No
EMP02992,27,Male,Finance,Specialist,7609,No,30,0,3,3,No
EMP02993,35,Female,Sales,Analyst,7785,No,26,0,3,2,No
EMP02994,44,Female,IT,Developer,10079,No,7,5,3,3,No
EMP02995,38,Female,Finance,Analyst,6711,No,9,4,2,3,No
EMP02996,24,Female,Finance,Analyst,5136,No,7,0,3,3,No
EMP02997,32,Male,Sales,Executive,4756,Yes,6,1,3,2,No
EMP02998,39,Female,IT,Developer,9480,Yes,19,7,2,2,No
EMP02999,34,Female,Sales,Executive,7396,Yes,39,5,1,2,Yes
EMP03000,31,Male,Marketing,Executive,5166,No,9,0,3,4,No
EMP03001,30,Female,IT,Developer,10321,Yes,14,3,3,3,No
EMP03002,38,Male,IT,Developer,7701,No,26,3,1,2,No
EMP03003,51,Male,HR,Senior Manager,17907,No,15,18,3,3,No
EMP03004,37,Female,Sales,Specialist,7554,Yes,3,3,4,2,No
EMP03005,40,Female,IT,Developer,10901,Yes,11,2,3,3,Yes
EMP03006,40,Male,Finance,Analyst,8651,No,4,3,3,2,No
EMP03007,40,Male,IT,Developer,6038,No,12,4,3,4,No
EMP03008,34,Male,Finance,Analyst,7190,Yes,21,7,3,4,No
EMP03009,34,Male,Finance,Analyst,6968,Yes,14,0,3,2,No
EMP03010,25,Male,Sales,Executive,6649,No,49,0,3,3,No
EMP03011,36,Female,HR,Specialist,5960,Yes,39,9,3,4,Yes
EMP03012,28,Male,Sales,Analyst,7697,No,8,2,3,2,No
EMP03013,55,Male,HR,Manager,10933,No,6,12,3,3,No
EMP03014,32,Male,Marketing,Specialist,7185,No,14,0,1,3,No
EMP03015,36,Female,Finance,Manager,10717,No,32,8,3,4,No
EMP03016,50,Male,Marketing,Senior Manager,18327,No,12,12,1,4,No
EMP03017,26,Male,Marketing,Analyst,5207,No,13,0,4,3,No
EMP03018,45,Female,IT,Manager,15362,Yes,17,7,3,2,No
EMP03019,31,Female,Finance,Analyst,8654,No,9,6,3,4,No
EMP03020,25,Female,IT,Analyst,7503,No,13,3,3,3,No
EMP03021,49,Female,Sales,Senior Manager,17299,Yes,5,13,3,3,No
EMP03022,30,Female,HR,Analyst,8421,No,17,4,1,2,No
EMP03023,31,Female,IT,Developer,6689,Yes,41,2,1,4,No
EMP03024,46,Female,IT,Senior Manager,18695,Yes,5,9,2,3,No
EMP03025,37,Male,HR,Specialist,9283,No,6,5,3,3,No
EMP03026,44,Female,IT,Developer,6205,No,7,5,3,4,No
EMP03027,48,Male,HR,Manager,13809,No,14,14,3,3,No
EMP03028,25,Female,Finance,Analyst,5981,No,12,0,3,2,No
EMP03029,44,Male,HR,Specialist,8843,No,12,8,4,4,No
EMP03030,43,Female,HR,Specialist,9537,No,13,5,3,4,No
EMP03031,35,Female,HR,Analyst,5411,Yes,18,1,3,3,No
EMP03032,40,Male,IT,Developer,7313,Yes,13,8,3,2,No
EMP03033,40,Female,HR,Analyst,6252,No,8,3,3,3,No
EMP03034,33,Male,IT,Developer,5666,No,7,1,3,3,Yes
EMP03035,34,Female,Finance,Analyst,5640,Yes,24,2,3,3,Yes
EMP03036,33,Female,IT,Developer,10491,No,9,1,2,3,No
EMP03037,54,Female,IT,Manager,12947,No,27,15,3,3,No
EMP03038,29,Male,Sales,Executive,7193,No,5,2,2,3,No
EMP03039,33,Male,Sales,Executive,6356,No,10,0,1,3,No
EMP03040,43,Female,IT,Developer,10862,Yes,37,0,3,3,No
EMP03041,30,Female,Marketing,Analyst,8221,No,4,4,3,2,No
EMP03042,35,Male,IT,Specialist,9695,No,25,8,3,4,No
EMP03043,29,Male,IT,Developer,5920,No,4,0,3,3,No
EMP03044,24,Female,Finance,Analyst,5530,Yes,5,3,2,2,Yes
EMP03045,34,Female,Sales,Analyst,8687,Yes,18,3,3,2,Yes
EMP03046,46,Female,IT,Specialist,8839,No,6,9,3,4,No
EMP03047,24,Male,Marketing,Analyst,7184,Yes,16,0,3,3,No
EMP03048,34,Female,IT,Specialist,7181,Yes,23,4,2,4,Yes
EMP03049,41,Female,IT,Developer,11698,Yes,11,7,2,3,No
EMP03050,36,Male,Sales,Executive,4748,Yes,16,3,2,3,Yes
EMP03051,27,Male,HR,Specialist,5364,Yes,13,0,3,4,No
EMP03052,30,Female,HR,Specialist,9244,No,14,5,2,3,Yes
EMP03053,24,Male,IT,Developer,6944,No,13,0,3,3,No
EMP03054,29,Male,IT,Developer,9913,Yes,6,7,2,2,No
EMP03055,30,Female,IT,Developer,9418,No,18,2,3,3,No
EMP03056,23,Male,Marketing,Executive,5838,Yes,28,1,3,3,Yes
EMP03057,26,Male,Marketing,Executive,7282,No,32,3,3,4,No
EMP03058,23,Male,HR,Analyst,5761,No,20,2,3,3,No
EMP03059,30,Male,HR,Executive,5803,No,14,3,2,4,No
EMP03060,36,Female,Finance,Analyst,5817,No,19,0,3,4,No
EMP03061,33,Female,IT,Developer,10154,No,23,3,3,4,No
EMP03062,45,Female,Finance,Manager,11351,No,32,10,2,3,No
EMP03063,31,Male,Finance,Analyst,7279,No,10,3,3,4,No
EMP03064,25,Male,Finance,Specialist,6530,Yes,6,0,3,3,Yes
EMP03065,30,Female,Marketing,Executive,6508,No,10,2,3,4,No
EMP03066,45,Female,IT,Developer,10355,Yes,9,8,3,4,No
EMP03067,41,Female,HR,Analyst,8504,No,9,5,2,3,No
EMP03068,53,Female,Finance,Manager,11792,No,1,15,3,3,No
EMP03069,34,Male,IT,Developer,7387,No,16,3,2,4,No
EMP03070,27,Male,IT,Developer,7932,No,22,2,2,3,No
EMP03071,27,Male,IT,Specialist,8434,No,29,2,3,4,No
EMP03072,39,Male,IT,Senior Manager,15963,No,4,7,3,2,No
EMP03073,34,Male,HR,Executive,5857,No,23,0,3,2,No
EMP03074,28,Male,IT,Developer,8145,Yes,18,3,3,3,No
EMP03075,26,Male,Marketing,Executive,7429,No,8,0,4,3,No
EMP03076,23,Female,Finance,Analyst,6894,No,13,2,2,3,No
EMP03077,40,Male,Finance,Developer,10354,No,16,3,3,2,No
EMP03078,34,Female,IT,Developer,10006,No,34,3,3,4,No
EMP03079,23,Male,Sales,Executive,5560,Yes,6,2,3,2,No
EMP03080,30,Female,Finance,Specialist,8950,No,21,0,3,1,No
EMP03081,27,Male,Sales,Executive,6718,Yes,5,6,1,2,No
EMP03082,37,Male,Sales,Manager,13685,No,14,3,2,3,No
EMP03083,24,Male,HR,Developer,9484,Yes,14,0,3,3,No
EMP03084,37,Male,IT,Developer,12635,No,23,7,3,3,No
EMP03085,38,Female,Sales,Executive,4130,Yes,28,3,2,2,No
EMP03086,24,Female,Marketing,Executive,6889,Yes,7,0,3,3,Yes
EMP03087,31,Male,IT,Developer,9358,No,3,4,2,3,No
EMP03088,24,Male,Marketing,Analyst,5185,No,8,0,3,2,No
EMP03089,57,Female,HR,Senior Manager,19704,No,13,17,3,2,No
EMP03090,32,Female,IT,Specialist,8559,Yes,12,8,4,3,No
EMP03091,46,Female,Marketing,Manager,16556,No,12,12,3,3,No
EMP03092,34,Male,Sales,Manager,12926,No,29,5,3,3,Yes
EMP03093,35,Male,IT,Developer,10939,No,10,2,3,3,No
EMP03094,43,Male,IT,Developer,8836,No,25,8,3,2,No
EMP03095,28,Male,IT,Developer,8643,No,8,1,3,2,No
EMP03096,33,Male,Sales,Analyst,8827,No,9,7,3,3,No
EMP03097,44,Female,Marketing,Manager,17017,No,11,10,3,4,No
EMP03098,24,Male,IT,Specialist,6797,Yes,19,0,3,2,No
EMP03099,40,Male,Sales,Analyst,8227,No,26,2,2,3,No
EMP03100,31,Male,IT,Developer,8882,No,20,5,3,3,No
EMP03101,34,Male,IT,Analyst,5074,No,21,0,3,3,No
EMP03102,34,Male,IT,Developer,7087,No,6,4,3,3,No
EMP03103,54,Male,IT,Senior Manager,16025,No,5,15,3,3,No
EMP03104,42,Female,HR,Specialist,9597,No,12,7,2,3,No
EMP03105,23,Male,Marketing,Analyst,8106,No,8,1,3,3,Yes
EMP03106,43,Male,Sales,Senior Manager,15037,Yes,33,12,3,2,No
EMP03107,25,Female,Marketing,Analyst,7129,Yes,5,0,3,3,No
EMP03108,45,Male,IT,Developer,6472,Yes,15,1,2,3,Yes
EMP03109,38,Male,IT,Manager,16712,No,3,6,3,4,No
EMP03110,35,Female,Finance,Analyst,5605,No,14,0,3,3,No
EMP03111,38,Male,Finance,Analyst,7988,No,15,1,4,2,No
EMP03112,59,Female,IT,Senior Manager,17475,No,19,20,4,4,No
EMP03113,28,Female,HR,Executive,7094,No,6,3,2,4,No
EMP03114,35,Female,Marketing,Executive,5002,No,19,5,3,3,No
EMP03115,38,Female,Sales,Manager,11411,No,5,5,3,3,No
EMP03116,34,Female,Sales,Executive,5229,No,23,2,3,3,No
EMP03117,39,Male,IT,Developer,6683,No,8,3,3,3,No
EMP03118,37,Female,Sales,Manager,10492,No,32,9,3,3,No
EMP03119,42,Male,Finance,Analyst,7821,No,18,4,3,3,No
EMP03120,33,Female,Marketing,Executive,5363,Yes,9,2,3,4,Yes
EMP03121,38,Male,Finance,Senior Manager,19743,Yes,19,8,3,2,No
EMP03122,41,Female,IT,Developer,8369,No,50,7,3,2,No
EMP03123,25,Male,Finance,Analyst,8493,No,30,0,3,2,No
EMP03124,33,Male,Finance,Analyst,8572,No,27,6,4,3,No
EMP03125,25,Male,Finance,Analyst,4682,No,9,1,3,4,No
EMP03126,38,Female,HR,Analyst,7114,No,14,3,3,3,No
EMP03127,29,Male,Finance,Analyst,6689,No,20,5,2,3,No
EMP03128,29,Female,Marketing,Executive,6176,No,9,1,4,3,Yes
EMP03129,38,Female,Finance,Analyst,5018,No,10,2,2,4,No
EMP03130,27,Male,Marketing,Specialist,9300,Yes,20,1,3,3,Yes
EMP03131,42,Female,Finance,Analyst,8281,Yes,20,6,2,3,Yes
EMP03132,41,Female,IT,Developer,10378,No,13,4,2,3,Yes
EMP03133,29,Male,Marketing,Executive,5643,No,7,0,1,1,No
EMP03134,24,Male,IT,Developer,9678,No,6,2,3,3,No
EMP03135,32,Female,Sales,Analyst,7924,No,9,4,1,3,No
EMP03136,31,Female,Marketing,Executive,6202,Yes,10,2,3,2,No
EMP03137,25,Female,Marketing,Executive,5691,Yes,14,1,3,3,No
EMP03138,25,Female,Marketing,Executive,6079,No,17,0,3,4,No
EMP03139,37,Male,Marketing,Analyst,8623,No,22,5,3,3,No
EMP03140,50,Male,Marketing,Manager,12254,No,13,9,2,3,No
EMP03141,44,Male,Finance,Specialist,6888,No,13,9,2,3,No
EMP03142,38,Male,Sales,Executive,7216,Yes,9,3,3,4,No
EMP03143,26,Male,IT,Developer,7277,No,7,1,3,4,Yes
EMP03144,24,Male,Sales,Executive,5050,No,34,2,3,2,Yes
EMP03145,32,Female,Finance,Analyst,8022,Yes,37,2,3,3,Yes
EMP03146,32,Male,IT,Manager,15278,No,39,5,3,3,No
EMP03147,32,Female,Marketing,Specialist,8663,No,18,3,4,3,No
EMP03148,30,Male,IT,Developer,11890,No,13,1,3,2,No
EMP03149,40,Male,IT,Manager,12424,Yes,5,6,4,2,No
EMP03150,48,Male,IT,Senior Manager,18521,No,12,10,3,2,No
EMP03151,45,Male,HR,Manager,9369,No,34,5,3,3,No
EMP03152,24,Female,Sales,Executive,7218,Yes,41,0,3,4,No
EMP03153,35,Male,IT,Developer,8626,Yes,21,1,2,2,Yes
EMP03154,29,Male,HR,Analyst,4548,Yes,23,1,1,3,Yes
EMP03155,50,Female,IT,Manager,10569,No,16,12,4,3,No
EMP03156,37,Male,HR,Specialist,6774,No,24,1,3,3,No
EMP03157,32,Male,IT,Developer,10703,No,23,0,4,2,Yes
EMP03158,35,Female,IT,Developer,7990,No,16,0,3,3,No
EMP03159,46,Female,HR,Specialist,5216,Yes,8,4,3,2,Yes
EMP03160,25,Female,Finance,Specialist,6657,No,7,1,3,3,No
EMP03161,24,Male,Marketing,Analyst,6657,Yes,9,0,3,2,Yes
EMP03162,44,Male,Sales,Senior Manager,15628,No,15,9,3,3,No
EMP03163,33,Female,Finance,Analyst,4753,No,14,4,3,1,No
EMP03164,30,Female,IT,Developer,11301,Yes,21,6,3,2,Yes
EMP03165,23,Female,Marketing,Executive,7047,Yes,13,0,2,2,No
EMP03166,43,Female,IT,Developer,10287,Yes,5,5,3,3,No
EMP03167,24,Male,Finance,Analyst,4670,No,25,0,4,3,No
EMP03168,43,Male,IT,Manager,13609,No,15,13,3,1,No
EMP03169,41,Male,IT,Analyst,5267,No,50,6,3,4,No
EMP03170,38,Male,HR,Executive,5806,No,6,3,4,3,No
EMP03171,32,Female,Sales,Executive,5957,No,11,1,3,3,No
EMP03172,39,Female,IT,Developer,9337,Yes,6,2,3,2,No
EMP03173,25,Male,Marketing,Analyst,8095,No,27,4,3,2,No
EMP03174,24,Male,Sales,Executive,5521,Yes,12,0,3,2,No
EMP03175,39,Male,IT,Developer,9640,Yes,29,2,3,3,Yes
EMP03176,22,Male,Marketing,Executive,7014,Yes,22,0,3,3,Yes
EMP03177,22,Female,Marketing,Analyst,5564,No,15,1,3,4,No
EMP03178,28,Female,IT,Developer,5896,No,6,0,3,2,No
EMP03179,23,Male,IT,Developer,6918,No,37,0,4,1,No
EMP03180,24,Male,IT,Executive,6122,Yes,16,3,3,3,No
EMP03181,30,Male,Sales,Analyst,6276,Yes,7,0,4,1,No
EMP03182,33,Female,IT,Manager,14602,No,8,7,3,3,No
EMP03183,37,Male,IT,Developer,7278,No,7,4,3,2,No
EMP03184,24,Male,Finance,Analyst,7063,No,2,0,3,4,No
EMP03185,27,Female,HR,Developer,11785,No,32,4,3,4,No
EMP03186,39,Male,Finance,Analyst,6437,Yes,16,3,4,3,No
EMP03187,25,Male,Marketing,Executive,5737,No,8,2,3,3,No
EMP03188,33,Male,IT,Developer,9721,Yes,16,6,3,2,No
EMP03189,29,Male,Marketing,Executive,5256,No,28,0,3,4,No
EMP03190,30,Female,Marketing,Developer,10987,No,24,0,2,4,No
EMP03191,26,Female,Finance,Executive,5504,No,15,3,3,3,No
EMP03192,35,Male,HR,Analyst,5623,Yes,24,2,3,2,Yes
EMP03193,33,Male,IT,Developer,8244,No,20,6,3,3,No
EMP03194,41,Male,Finance,Manager,15987,Yes,3,11,2,3,No
EMP03195,36,Female,Finance,Analyst,5482,No,4,0,2,4,Yes
EMP03196,29,Female,Finance,Analyst,8198,No,4,6,4,2,No
EMP03197,31,Male,Finance,Manager,12607,No,14,4,3,3,No
EMP03198,43,Female,IT,Developer,6766,No,23,3,4,3,Yes
EMP03199,42,Female,Marketing,Analyst,6915,No,4,3,2,2,No
EMP03200,41,Male,Marketing,Senior Manager,15770,No,8,10,3,4,No
EMP03201,28,Male,Finance,Executive,5216,No,12,1,3,1,No
EMP03202,39,Female,Finance,Analyst,5486,No,8,5,3,3,No
EMP03203,34,Male,Sales,Executive,4669,No,21,3,1,3,No
EMP03204,40,Male,HR,Analyst,6977,Yes,26,1,4,3,No
EMP03205,26,Female,IT,Developer,11704,No,14,0,3,3,No
EMP03206,32,Male,Marketing,Manager,13645,No,7,7,4,3,No
EMP03207,23,Male,IT,Developer,5861,Yes,6,0,3,3,No
EMP03208,24,Male,IT,Developer,5774,No,23,1,3,4,No
EMP03209,34,Female,IT,Analyst,6018,No,23,0,2,2,No
EMP03210,51,Female,Finance,Manager,15139,No,25,12,3,3,No
EMP03211,52,Male,HR,Manager,12288,No,25,13,4,4,No
EMP03212,41,Female,Sales,Analyst,7489,No,8,2,3,4,No
EMP03213,36,Male,HR,Executive,7482,Yes,16,0,2,2,No
EMP03214,33,Female,IT,Manager,11648,No,15,2,4,2,No
EMP03215,42,Male,Sales,Developer,9433,Yes,33,8,3,2,No
EMP03216,34,Male,HR,Executive,4416,No,7,0,3,4,No
EMP03217,40,Male,IT,Developer,10697,Yes,43,4,3,4,No
EMP03218,40,Female,HR,Specialist,6112,No,10,0,1,3,No
EMP03219,23,Male,Marketing,Analyst,6880,No,22,0,3,3,No
EMP03220,46,Male,Sales,Manager,15540,No,3,12,3,4,No
EMP03221,26,Male,Marketing,Analyst,4679,Yes,19,2,2,3,No
EMP03222,32,Male,Finance,Analyst,6071,Yes,26,2,2,3,Yes
EMP03223,42,Female,Finance,Analyst,8707,No,10,6,3,3,No
EMP03224,29,Male,IT,Developer,8897,Yes,14,6,3,2,Yes
EMP03225,25,Female,HR,Analyst,5225,No,31,0,3,3,No
EMP03226,38,Male,Sales,Manager,10724,No,22,6,2,3,No
EMP03227,33,Female,Marketing,Specialist,7794,No,11,5,1,2,No
EMP03228,32,Male,Finance,Analyst,7853,Yes,15,0,4,3,No
EMP03229,35,Female,Sales,Executive,6992,No,24,2,2,3,No
EMP03230,38,Female,Marketing,Specialist,6200,Yes,6,2,3,2,Yes
EMP03231,40,Male,Finance,Manager,10208,No,3,9,3,3,No
EMP03232,51,Male,Sales,Manager,15814,No,8,13,2,3,No
EMP03233,31,Female,IT,Developer,10868,No,37,1,3,4,No
EMP03234,25,Male,IT,Developer,8128,Yes,30,3,2,3,No
EMP03235,36,Female,IT,Analyst,4977,No,9,0,4,3,No
EMP03236,29,Male,Sales,Executive,7227,No,14,4,1,1,No
EMP03237,26,Male,HR,Analyst,7658,Yes,8,2,3,4,No
EMP03238,40,Female,Marketing,Analyst,8614,No,2,3,3,3,Yes
EMP03239,25,Male,Sales,Executive,5854,Yes,5,0,1,4,Yes
EMP03240,45,Female,Finance,Specialist,7030,No,8,4,3,3,No
EMP03241,40,Male,Sales,Manager,15888,Yes,20,7,2,4,No
EMP03242,44,Male,IT,Developer,11769,No,9,5,3,2,No
EMP03243,34,Female,Marketing,Executive,6639,No,30,4,3,2,No
EMP03244,42,Female,Finance,Analyst,5769,No,21,5,3,4,No
EMP03245,39,Male,Finance,Analyst,7312,No,26,1,3,3,Yes
EMP03246,30,Female,Sales,Executive,6967,No,18,2,1,2,No
EMP03247,32,Male,Finance,Analyst,4891,No,16,5,3,1,No
EMP03248,28,Female,IT,Developer,9496,Yes,22,4,2,4,No
EMP03249,33,Female,Finance,Analyst,7476,Yes,15,1,1,1,No
EMP03250,27,Male,Sales,Executive,5699,Yes,7,6,3,2,No
EMP03251,42,Male,IT,Developer,6007,No,10,5,2,3,No
EMP03252,39,Male,IT,Developer,6846,No,4,0,3,3,No
EMP03253,32,Male,Marketing,Executive,5227,No,28,0,3,2,No
EMP03254,23,Male,HR,Executive,6017,Yes,17,0,3,3,No
EMP03255,26,Male,Marketing,Executive,5383,No,6,0,4,3,Yes
EMP03256,41,Female,HR,Analyst,7537,No,6,5,3,3,No
EMP03257,43,Male,Marketing,Manager,10006,Yes,11,7,3,3,No
EMP03258,42,Female,IT,Manager,12959,No,12,10,4,2,No
EMP03259,38,Male,Finance,Manager,10873,Yes,7,8,4,3,No
EMP03260,28,Male,Finance,Analyst,7263,Yes,16,0,3,3,Yes
EMP03261,29,Male,Marketing,Analyst,8343,No,8,3,1,3,No
EMP03262,32,Male,Marketing,Analyst,7862,No,7,0,3,3,No
EMP03263,39,Male,IT,Developer,6117,Yes,8,8,3,2,No
EMP03264,26,Male,IT,Developer,8864,Yes,16,0,3,2,Yes
EMP03265,24,Male,Sales,Executive,6810,Yes,16,0,3,3,No
EMP03266,52,Male,HR,Manager,17204,No,14,15,1,2,No
EMP03267,38,Male,Sales,Analyst,6611,No,14,5,4,3,No
EMP03268,32,Male,IT,Developer,8854,No,11,0,2,3,No
EMP03269,31,Male,Finance,Analyst,5790,Yes,5,1,3,4,Yes
EMP03270,33,Female,HR,Executive,6538,Yes,19,0,3,1,Yes
EMP03271,30,Female,HR,Executive,7397,No,37,0,1,3,No
EMP03272,33,Female,IT,Specialist,5398,No,5,4,2,3,No
EMP03273,37,Female,IT,Developer,9590,No,3,5,3,4,No
EMP03274,22,Male,Finance,Analyst,7501,No,4,0,3,4,No
EMP03275,27,Female,Marketing,Executive,5221,No,41,2,4,3,Yes
EMP03276,40,Male,Marketing,Executive,5129,No,14,3,3,4,Yes
EMP03277,34,Female,HR,Analyst,6145,No,9,0,1,4,No
EMP03278,31,Male,Sales,Executive,6167,No,29,0,3,4,No
EMP03279,32,Male,Finance,Analyst,5570,No,15,5,3,3,Yes
EMP03280,32,Male,Marketing,Executive,7013,No,15,4,3,3,No
EMP03281,38,Male,Sales,Executive,7283,No,11,0,3,2,No
EMP03282,40,Female,Finance,Analyst,4989,No,26,4,3,4,No
EMP03283,40,Male,IT,Analyst,7095,No,14,5,2,1,Yes
EMP03284,33,Male,Marketing,Analyst,5037,No,15,2,2,2,No
EMP03285,26,Male,Sales,Analyst,5543,Yes,1,2,3,3,Yes
EMP03286,35,Female,Sales,Analyst,8195,Yes,8,4,3,3,No
EMP03287,26,Male,Marketing,Executive,4116,No,3,0,3,2,No
EMP03288,41,Female,IT,Developer,10444,No,1,4,3,3,No
EMP03289,45,Female,IT,Senior Manager,20779,Yes,50,14,3,2,No
EMP03290,45,Female,IT,Developer,8295,No,15,8,3,4,No
EMP03291,42,Female,IT,Developer,11063,No,10,7,3,4,No
EMP03292,25,Male,Marketing,Specialist,9326,Yes,19,0,3,4,No
EMP03293,38,Male,Marketing,Executive,5549,Yes,19,1,2,2,No
EMP03294,25,Female,IT,Developer,6710,No,13,1,3,4,No
EMP03295,31,Male,Marketing,Executive,7080,No,23,0,3,3,No
EMP03296,51,Male,Marketing,Senior Manager,22502,No,6,14,2,3,No
EMP03297,26,Male,IT,Developer,9795,No,7,2,3,3,No
EMP03298,43,Male,Marketing,Developer,6794,No,4,4,3,4,No
EMP03299,22,Female,Finance,Executive,4555,Yes,8,0,3,2,No
EMP03300,42,Male,IT,Developer,7077,Yes,7,5,3,1,No
EMP03301,38,Male,HR,Manager,14472,No,4,7,4,3,No
EMP03302,41,Male,Finance,Manager,13500,No,11,6,3,3,No
EMP03303,26,Male,HR,Executive,5590,No,23,0,3,2,Yes
EMP03304,42,Male,IT,Developer,5515,No,6,0,3,2,No
EMP03305,41,Male,IT,Manager,15312,No,21,8,3,3,No
EMP03306,38,Female,Marketing,Analyst,5842,No,46,2,2,2,No
EMP03307,38,Female,Finance,Analyst,4924,No,12,7,3,4,No
EMP03308,26,Male,IT,Analyst,7867,No,16,0,3,1,No
EMP03309,42,Female,Finance,Analyst,8605,Yes,12,6,3,4,No
EMP03310,45,Male,Sales,Specialist,8607,Yes,17,8,3,3,No
EMP03311,41,Male,IT,Manager,17258,No,16,13,1,3,No
EMP03312,36,Female,IT,Developer,10296,Yes,3,0,3,3,No
EMP03313,29,Female,Sales,Analyst,6513,No,5,3,3,3,No
EMP03314,30,Male,Finance,Developer,5864,Yes,2,1,2,2,No
EMP03315,33,Female,Finance,Executive,5768,No,2,0,3,2,No
EMP03316,28,Male,Marketing,Analyst,6219,No,21,0,3,3,No
EMP03317,34,Female,HR,Manager,11603,No,25,0,4,3,No
EMP03318,30,Female,IT,Developer,6054,Yes,8,6,4,3,No
EMP03319,33,Female,Marketing,Executive,4759,No,6,4,2,3,No
EMP03320,31,Male,IT,Developer,10605,Yes,14,0,2,3,No
EMP03321,29,Male,IT,Developer,7486,No,9,2,2,4,No
EMP03322,32,Male,Sales,Executive,7163,Yes,15,0,2,3,No
EMP03323,50,Male,HR,Senior Manager,23500,Yes,14,17,3,3,No
EMP03324,35,Male,IT,Analyst,8350,Yes,25,0,3,4,No
EMP03325,26,Female,IT,Specialist,5058,No,20,0,4,2,No
EMP03326,36,Female,Finance,Executive,4662,Yes,26,1,3,4,No
EMP03327,37,Female,Sales,Specialist,7683,No,17,9,4,3,No
EMP03328,42,Male,HR,Analyst,5865,No,11,5,3,4,No
EMP03329,26,Male,Marketing,Executive,4322,No,2,0,3,1,No
EMP03330,24,Female,Finance,Specialist,9453,Yes,18,0,3,4,No
EMP03331,42,Male,Finance,Developer,12553,No,7,6,2,2,No
EMP03332,37,Male,Finance,Manager,12439,No,12,3,3,3,No
EMP03333,39,Female,Sales,Manager,15806,No,6,6,3,3,No
EMP03334,24,Male,Marketing,Executive,4948,No,4,1,2,1,No
EMP03335,36,Male,Marketing,Developer,10655,No,18,3,3,2,No
EMP03336,55,Female,Sales,Senior Manager,21189,No,44,19,4,3,No
EMP03337,54,Female,Marketing,Senior Manager,19351,No,18,18,3,4,No
EMP03338,35,Male,IT,Developer,11154,No,2,5,3,3,No
EMP03339,31,Male,Sales,Manager,12807,No,12,1,3,3,No
EMP03340,34,Male,Marketing,Analyst,5364,No,40,7,3,4,No
EMP03341,48,Male,Marketing,Senior Manager,21831,Yes,16,14,2,3,No
EMP03342,41,Male,Sales,Specialist,5609,Yes,4,5,3,2,No
EMP03343,30,Male,Finance,Specialist,5834,No,13,0,3,2,No
EMP03344,42,Male,Marketing,Analyst,7434,No,5,6,3,4,No
EMP03345,27,Male,Finance,Analyst,6466,Yes,8,0,3,4,Yes
EMP03346,25,Male,IT,Developer,6047,No,5,0,1,3,No
EMP03347,33,Male,IT,Developer,7413,Yes,13,2,3,3,No
EMP03348,55,Male,HR,Senior Manager,23500,No,8,15,4,4,No
EMP03349,49,Female,IT,Senior Manager,17280,No,17,18,3,4,No
EMP03350,42,Male,Marketing,Specialist,6905,No,29,5,2,3,No
EMP03351,38,Male,Finance,Analyst,6149,No,18,7,2,3,No
EMP03352,30,Male,Marketing,Executive,5144,No,12,4,2,3,No
EMP03353,37,Female,IT,Developer,11627,No,18,7,2,1,No
EMP03354,32,Male,Finance,Analyst,4622,No,31,1,3,3,No
EMP03355,39,Male,Finance,Analyst,6609,No,19,3,3,3,No
EMP03356,23,Female,HR,Executive,6342,No,4,2,3,1,No
EMP03357,36,Male,Marketing,Manager,16574,No,8,5,3,3,No
EMP03358,42,Male,IT,Developer,9305,Yes,32,4,4,4,No
EMP03359,27,Male,Sales,Analyst,5855,No,28,0,2,3,No
EMP03360,35,Male,Finance,Analyst,4686,No,10,5,3,3,No
EMP03361,24,Female,IT,Developer,10022,Yes,12,1,3,4,No
EMP03362,46,Male,HR,Senior Manager,22212,No,28,10,2,3,Yes
EMP03363,24,Male,Finance,Executive,5785,No,39,0,3,3,No
EMP03364,29,Female,HR,Analyst,5040,No,8,3,2,4,Yes
EMP03365,37,Female,Marketing,Analyst,6362,No,14,0,2,4,No
EMP03366,30,Female,Sales,Analyst,7827,No,1,0,2,3,No
EMP03367,31,Female,IT,Developer,10934,No,11,0,4,3,No
EMP03368,53,Male,Finance,Manager,16464,No,9,15,3,4,No
EMP03369,38,Female,Sales,Manager,10443,Yes,3,7,4,3,Yes
EMP03370,42,Female,Marketing,Analyst,6266,Yes,5,2,1,4,No
EMP03371,31,Male,Sales,Developer,10327,No,19,4,3,4,No
EMP03372,28,Male,HR,Analyst,4776,No,3,0,2,3,No
EMP03373,33,Female,IT,Developer,10665,No,25,3,3,1,No
EMP03374,34,Male,Sales,Executive,5473,No,9,0,3,1,No
EMP03375,32,Female,Sales,Developer,7480,Yes,4,4,3,2,No
EMP03376,26,Female,IT,Developer,7775,Yes,8,0,2,3,Yes
EMP03377,44,Male,IT,Developer,8142,Yes,7,5,3,2,No
EMP03378,44,Male,IT,Specialist,8733,No,18,7,3,4,No
EMP03379,40,Female,IT,Specialist,6803,No,50,3,2,3,No
EMP03380,35,Female,Marketing,Analyst,8369,No,13,2,4,3,No
EMP03381,44,Male,IT,Developer,6643,No,15,5,4,3,No
EMP03382,35,Female,Marketing,Analyst,8154,No,1,0,4,3,No
EMP03383,28,Male,HR,Developer,10282,No,11,0,3,4,No
EMP03384,39,Female,Sales,Senior Manager,19210,No,5,6,3,2,No
EMP03385,40,Male,Sales,Executive,6321,Yes,22,1,3,3,Yes
EMP03386,36,Female,Marketing,Specialist,6877,No,32,3,3,3,No
EMP03387,36,Male,Finance,Analyst,7365,No,19,0,3,3,No
EMP03388,35,Male,Finance,Analyst,8490,No,19,5,3,3,No
EMP03389,45,Female,Sales,Senior Manager,17149,Yes,7,7,3,1,No
EMP03390,42,Male,HR,Analyst,5077,No,10,0,3,3,No
EMP03391,34,Male,HR,Analyst,5204,No,2,1,3,3,No
EMP03392,35,Male,Finance,Executive,7127,No,11,3,3,4,No
EMP03393,38,Female,Finance,Manager,15465,No,12,3,3,2,No
EMP03394,22,Female,IT,Analyst,7227,Yes,25,1,3,3,No
EMP03395,44,Male,IT,Developer,10401,Yes,12,4,4,3,No
EMP03396,26,Male,HR,Developer,9207,Yes,21,0,3,3,Yes
EMP03397,24,Male,IT,Developer,7409,Yes,10,0,3,3,No
EMP03398,29,Female,IT,Developer,5920,No,6,0,2,4,No
EMP03399,50,Female,Finance,Senior Manager,21536,No,11,13,2,1,No
EMP03400,26,Female,IT,Developer,7374,Yes,8,0,3,4,No
EMP03401,34,Male,Sales,Manager,12276,Yes,7,5,3,3,No
EMP03402,24,Male,IT,Specialist,7146,No,5,0,4,4,No
EMP03403,26,Male,IT,Developer,12043,Yes,40,2,3,1,Yes
EMP03404,37,Male,IT,Manager,15239,Yes,34,6,2,2,No
EMP03405,35,Male,IT,Analyst,6982,Yes,14,4,3,2,No
EMP03406,37,Male,Finance,Analyst,6332,No,30,5,4,2,No
EMP03407,27,Female,Marketing,Executive,7336,No,8,3,3,3,No
EMP03408,30,Male,Marketing,Executive,6411,Yes,15,0,3,2,Yes
EMP03409,23,Male,HR,Analyst,6615,No,11,0,3,3,No
EMP03410,31,Female,HR,Analyst,6516,No,10,2,3,4,No
EMP03411,25,Male,Marketing,Analyst,8121,No,7,4,3,2,No
EMP03412,30,Female,IT,Analyst,4600,No,14,1,3,3,No
EMP03413,38,Female,IT,Developer,11701,No,2,2,2,3,Yes
EMP03414,36,Female,Marketing,Analyst,4745,No,13,0,3,1,No
EMP03415,26,Male,HR,Analyst,8249,No,5,0,3,2,Yes
EMP03416,33,Female,HR,Specialist,9196,Yes,9,1,3,3,No
EMP03417,24,Female,IT,Developer,6274,No,13,1,3,3,Yes
EMP03418,36,Female,IT,Developer,10644,No,13,3,4,3,No
EMP03419,37,Female,Sales,Analyst,7787,Yes,5,5,2,2,No
EMP03420,38,Male,Marketing,Executive,4351,Yes,7,2,3,2,Yes
EMP03421,32,Male,HR,Analyst,5502,No,29,2,3,3,Yes
EMP03422,41,Male,Sales,Developer,12437,No,21,5,3,4,No
EMP03423,31,Male,Marketing,Executive,5994,No,19,0,3,4,No
EMP03424,44,Female,Finance,Specialist,7876,Yes,29,5,3,3,Yes
EMP03425,33,Male,Marketing,Executive,4580,No,3,1,3,3,Yes
EMP03426,40,Female,Finance,Manager,10930,Yes,1,6,3,2,No
EMP03427,25,Male,Finance,Executive,5347,No,7,4,1,3,No
EMP03428,38,Male,Marketing,Analyst,6797,No,17,0,2,3,No
EMP03429,34,Male,IT,Manager,10232,No,32,5,3,3,No
EMP03430,30,Male,IT,Developer,11707,Yes,6,1,3,2,No
EMP03431,42,Male,HR,Analyst,6770,No,3,3,3,2,No
EMP03432,27,Female,HR,Analyst,5829,No,14,0,3,3,No
EMP03433,45,Male,IT,Manager,15863,Yes,6,15,2,3,No
EMP03434,40,Female,IT,Developer,9173,No,17,5,2,3,No
EMP03435,28,Male,Finance,Specialist,9154,No,10,0,2,3,No
EMP03436,55,Female,IT,Senior Manager,21209,Yes,2,16,3,3,No
EMP03437,39,Female,IT,Manager,14153,No,15,9,4,2,No
EMP03438,33,Male,Marketing,Executive,5079,No,20,2,3,2,No
EMP03439,40,Male,IT,Developer,10366,No,11,7,1,3,No
EMP03440,60,Male,Sales,Senior Manager,18055,No,12,22,3,2,No
EMP03441,23,Male,IT,Developer,9306,No,7,0,3,2,No
EMP03442,33,Female,IT,Developer,6395,No,2,3,4,1,No
EMP03443,40,Female,Sales,Specialist,5594,No,1,6,4,3,No
EMP03444,23,Male,Sales,Developer,11982,No,9,0,3,3,No
EMP03445,39,Female,IT,Developer,11391,No,17,4,4,2,No
EMP03446,24,Male,Marketing,Analyst,6784,Yes,35,3,3,3,Yes
EMP03447,37,Male,HR,Specialist,8434,No,10,8,2,1,No
EMP03448,42,Male,Marketing,Analyst,6547,No,14,0,3,3,No
EMP03449,42,Male,Sales,Analyst,7566,No,3,4,3,4,No
EMP03450,43,Female,IT,Developer,12071,No,11,4,4,3,Yes
EMP03451,39,Male,Finance,Manager,11655,No,14,7,1,4,No
EMP03452,41,Male,IT,Developer,10860,Yes,32,6,4,3,No
EMP03453,25,Female,Finance,Analyst,8175,Yes,19,0,4,4,No
EMP03454,37,Male,IT,Specialist,6291,No,7,8,2,2,No
EMP03455,34,Female,Finance,Analyst,7606,No,8,5,3,4,No
EMP03456,51,Male,HR,Manager,15874,No,21,19,4,1,No
EMP03457,36,Female,Sales,Executive,5665,Yes,4,1,3,1,Yes
EMP03458,33,Male,Sales,Analyst,7755,No,14,3,4,3,No
EMP03459,23,Male,Marketing,Analyst,6432,No,39,1,4,4,No
EMP03460,33,Male,Marketing,Analyst,5027,No,18,2,1,2,Yes
EMP03461,24,Male,HR,Specialist,9084,No,7,0,2,3,No
EMP03462,32,Male,IT,Developer,6106,No,17,8,2,4,No
EMP03463,44,Female,Finance,Senior Manager,20728,No,15,11,3,4,No
EMP03464,34,Male,HR,Analyst,8455,No,19,1,2,3,No
EMP03465,30,Male,IT,Developer,6927,No,9,2,1,3,No
EMP03466,36,Female,Finance,Analyst,7986,No,12,0,3,3,No
EMP03467,31,Female,Finance,Analyst,5785,Yes,11,3,3,2,No
EMP03468,22,Female,Finance,Analyst,6084,No,31,1,3,4,No
EMP03469,29,Male,HR,Analyst,5654,Yes,8,0,3,2,No
EMP03470,39,Male,IT,Developer,9523,No,5,3,3,1,No
EMP03471,30,Female,Sales,Executive,5020,No,11,0,3,3,No
EMP03472,40,Male,Sales,Executive,4631,Yes,8,4,3,3,No
EMP03473,40,Male,Sales,Executive,6676,Yes,4,5,3,3,No
EMP03474,32,Male,Sales,Executive,6199,Yes,3,3,3,3,No
EMP03475,44,Female,IT,Developer,6348,No,15,5,4,3,No
EMP03476,41,Male,Marketing,Manager,12817,No,8,4,3,3,No
EMP03477,39,Female,Marketing,Executive,6548,Yes,35,1,3,1,Yes
EMP03478,34,Male,Sales,Developer,11262,Yes,1,6,2,3,No
EMP03479,40,Male,Sales,Specialist,7575,No,18,8,2,1,No
EMP03480,60,Female,IT,Senior Manager,20652,No,34,17,2,3,No
EMP03481,35,Male,Sales,Executive,5692,Yes,15,1,3,2,No
EMP03482,38,Male,IT,Developer,9514,Yes,22,8,1,4,No
EMP03483,49,Male,Finance,Manager,16730,No,12,8,3,3,No
EMP03484,28,Male,Marketing,Executive,5698,No,12,0,3,3,No
EMP03485,41,Female,Sales,Specialist,5954,No,24,7,3,3,No
EMP03486,30,Female,Marketing,Executive,5432,No,4,3,3,3,No
EMP03487,49,Female,HR,Manager,14515,No,3,13,3,3,No
EMP03488,44,Female,Sales,Specialist,9028,No,13,5,2,4,No
EMP03489,36,Female,Finance,Executive,6334,No,26,5,3,4,No
EMP03490,25,Male,Finance,Analyst,4701,No,3,3,3,3,No
EMP03491,39,Male,Finance,Analyst,5311,No,8,0,3,2,No
EMP03492,38,Female,Sales,Executive,7521,Yes,3,2,2,3,Yes
EMP03493,28,Female,Marketing,Analyst,7670,No,30,2,3,4,No
EMP03494,40,Male,Marketing,Executive,6409,Yes,22,3,2,2,No
EMP03495,33,Male,Finance,Manager,10993,No,26,2,2,1,No
EMP03496,33,Female,IT,Developer,10766,Yes,2,0,3,2,Yes
EMP03497,44,Female,HR,Specialist,9218,No,16,6,4,3,No
EMP03498,51,Male,Finance,Manager,13233,No,20,14,3,3,No
EMP03499,31,Male,Marketing,Executive,6482,No,7,4,3,3,No
EMP03500,27,Male,HR,Specialist,8411,No,16,3,4,3,No
EMP03501,30,Male,Sales,Analyst,6551,No,16,2,3,4,No
EMP03502,32,Male,Finance,Analyst,5344,No,7,1,3,3,No
EMP03503,38,Female,IT,Developer,9290,Yes,13,5,4,3,No
EMP03504,30,Female,Marketing,Analyst,8679,No,10,5,3,3,No
EMP03505,29,Female,HR,Executive,4813,Yes,8,0,4,3,No
EMP03506,32,Female,HR,Executive,5012,No,3,2,2,4,No
EMP03507,41,Male,Marketing,Specialist,7986,No,7,4,4,3,No
EMP03508,33,Male,Finance,Specialist,6347,No,24,5,2,3,No
EMP03509,30,Male,Sales,Analyst,7449,No,20,5,3,2,No
EMP03510,33,Male,HR,Analyst,6535,Yes,13,6,4,3,No
EMP03511,49,Male,Sales,Senior Manager,17160,No,14,12,3,3,No
EMP03512,35,Male,Sales,Manager,10099,No,6,7,3,4,No
EMP03513,39,Male,IT,Manager,15717,No,14,4,3,3,No
EMP03514,28,Female,IT,Developer,8201,No,11,2,3,4,No
EMP03515,33,Female,HR,Executive,6763,No,19,6,2,2,No
EMP03516,35,Female,Marketing,Specialist,5606,No,24,3,3,4,No
EMP03517,40,Male,Finance,Executive,6951,Yes,3,3,3,2,Yes
EMP03518,48,Male,Marketing,Senior Manager,16810,No,12,19,3,3,No
EMP03519,35,Male,HR,Analyst,4696,No,24,1,3,1,No
EMP03520,37,Female,IT,Developer,9893,Yes,17,9,3,3,No
EMP03521,37,Male,Finance,Analyst,7094,No,15,4,3,3,No
EMP03522,31,Male,Sales,Executive,6031,Yes,5,1,3,3,Yes
EMP03523,30,Female,Finance,Analyst,5350,No,11,5,4,3,No
EMP03524,34,Male,IT,Specialist,5994,No,4,2,4,3,No
EMP03525,25,Female,IT,Executive,5126,No,10,0,3,3,No
EMP03526,30,Female,HR,Analyst,6737,No,10,6,3,4,Yes
EMP03527,24,Male,IT,Executive,4100,No,19,0,4,3,No
EMP03528,39,Female,HR,Analyst,6772,No,21,6,2,3,No
EMP03529,44,Male,IT,Developer,10429,No,22,2,3,2,No
EMP03530,33,Female,IT,Developer,10535,No,5,0,3,3,No
EMP03531,40,Female,Marketing,Senior Manager,22138,Yes,8,8,1,3,No
EMP03532,47,Female,Sales,Manager,15253,No,7,10,2,2,No
EMP03533,36,Male,Sales,Manager,16436,No,18,7,3,2,No
EMP03534,24,Female,Finance,Analyst,7532,No,7,0,2,2,No
EMP03535,48,Male,Finance,Manager,15259,No,2,12,2,3,No
EMP03536,43,Male,IT,Developer,8109,Yes,35,5,2,4,Yes
EMP03537,45,Female,IT,Developer,5748,Yes,12,5,3,3,Yes
EMP03538,28,Male,IT,Developer,6790,Yes,14,1,2,3,Yes
EMP03539,43,Female,Finance,Senior Manager,15777,No,24,9,2,3,No
EMP03540,34,Female,IT,Developer,11642,No,2,4,3,3,No
EMP03541,43,Female,IT,Developer,9061,Yes,40,2,3,2,Yes
EMP03542,22,Male,Sales,Executive,5189,No,11,0,3,3,No
EMP03543,32,Female,Sales,Executive,5560,Yes,4,1,3,2,No
EMP03544,33,Female,IT,Specialist,9613,No,6,4,3,4,No
EMP03545,39,Female,IT,Developer,12280,No,10,7,3,3,No
EMP03546,38,Female,Finance,Analyst,5549,Yes,5,3,3,3,No
EMP03547,33,Male,HR,Analyst,5748,No,8,0,3,4,No
EMP03548,28,Female,Sales,Executive,6865,Yes,8,2,3,4,No
EMP03549,26,Female,HR,Analyst,6260,No,15,0,4,3,No
EMP03550,40,Male,HR,Analyst,5950,Yes,20,1,3,1,Yes
EMP03551,33,Male,Marketing,Manager,14455,No,20,8,3,3,No
EMP03552,43,Male,Marketing,Manager,13149,No,10,11,2,3,No
EMP03553,34,Female,Finance,Analyst,7417,No,7,2,2,3,No
EMP03554,55,Female,Sales,Senior Manager,18010,No,15,15,2,4,No
EMP03555,30,Male,Finance,Developer,11396,No,4,2,3,3,No
EMP03556,22,Male,Marketing,Analyst,6945,No,9,0,2,3,No
EMP03557,30,Male,Marketing,Executive,4202,Yes,7,0,2,3,No
EMP03558,54,Female,Sales,Manager,16686,No,38,11,3,3,No
EMP03559,50,Male,HR,Manager,13141,Yes,8,13,3,4,No
EMP03560,40,Female,Finance,Analyst,7818,Yes,14,7,3,4,No
EMP03561,33,Female,IT,Analyst,7291,No,10,5,3,3,No
EMP03562,28,Male,HR,Analyst,5638,No,10,1,3,4,No
EMP03563,43,Male,IT,Developer,5654,No,11,3,3,3,No
EMP03564,39,Female,Marketing,Manager,15435,No,11,8,3,2,No
EMP03565,36,Female,Marketing,Executive,4547,Yes,20,4,3,3,No
EMP03566,41,Female,Marketing,Specialist,6942,No,17,3,2,3,No
EMP03567,39,Male,Finance,Executive,7351,No,35,5,1,2,No
EMP03568,40,Male,Sales,Executive,6101,No,10,5,3,3,No
EMP03569,25,Male,Sales,Executive,6286,No,12,0,3,3,No
EMP03570,27,Male,Marketing,Analyst,8494,No,14,3,3,3,No
EMP03571,24,Female,IT,Developer,9551,No,2,2,4,3,No
EMP03572,40,Male,Sales,Executive,7733,No,11,6,3,3,No
EMP03573,35,Male,IT,Analyst,5931,Yes,13,6,3,2,No
EMP03574,31,Female,Sales,Executive,6086,Yes,16,1,4,2,Yes
EMP03575,24,Male,Sales,Specialist,8514,No,13,0,3,2,Yes
EMP03576,27,Male,Sales,Executive,4533,No,14,0,3,3,Yes
EMP03577,30,Male,HR,Specialist,6485,Yes,11,4,3,4,No
EMP03578,24,Male,Sales,Executive,7105,Yes,22,0,4,3,No
EMP03579,27,Male,Sales,Executive,6982,No,5,3,4,3,No
EMP03580,30,Female,Marketing,Executive,6824,No,9,0,2,3,No
EMP03581,40,Male,Sales,Executive,5414,No,48,0,3,3,No
EMP03582,33,Male,Sales,Executive,5515,Yes,14,0,3,1,No
EMP03583,32,Male,Marketing,Analyst,4903,No,24,1,2,3,No
EMP03584,44,Female,IT,Developer,11200,Yes,22,5,4,3,No
EMP03585,39,Female,Marketing,Analyst,8683,No,36,5,2,4,No
EMP03586,42,Male,Marketing,Analyst,5853,No,16,2,3,3,No
EMP03587,28,Female,Marketing,Specialist,6768,No,11,3,3,3,No
EMP03588,52,Female,IT,Manager,16011,No,23,16,3,3,No
EMP03589,41,Female,IT,Specialist,6275,No,10,7,3,2,No
EMP03590,26,Male,Finance,Analyst,5580,Yes,11,0,3,3,No
EMP03591,29,Female,IT,Developer,8722,No,22,0,2,3,Yes
EMP03592,27,Female,Marketing,Analyst,6416,No,7,0,3,2,No
EMP03593,37,Female,IT,Developer,10746,Yes,18,2,3,3,Yes
EMP03594,33,Male,Sales,Executive,4381,No,20,2,1,2,No
EMP03595,31,Male,HR,Executive,4874,No,15,0,3,3,No
EMP03596,43,Male,IT,Developer,9925,Yes,6,1,4,4,No
EMP03597,31,Male,IT,Developer,10368,No,10,2,3,4,No
EMP03598,60,Male,Marketing,Senior Manager,23500,Yes,8,14,2,2,No
EMP03599,35,Female,IT,Developer,6326,Yes,22,4,3,2,No
EMP03600,38,Female,IT,Developer,11912,No,5,2,3,3,No
EMP03601,33,Female,IT,Developer,6478,Yes,6,0,3,3,No
EMP03602,24,Male,IT,Specialist,7434,No,18,0,3,3,No
EMP03603,27,Female,IT,Analyst,5726,Yes,4,5,4,1,No
EMP03604,28,Female,Finance,Analyst,8298,No,8,0,3,2,No
EMP03605,37,Male,Sales,Executive,4887,Yes,5,0,3,1,Yes
EMP03606,32,Male,Finance,Analyst,7835,No,13,3,3,3,No
EMP03607,32,Male,Sales,Executive,6798,Yes,7,5,2,2,No
EMP03608,32,Male,Finance,Analyst,6431,Yes,6,0,2,2,No
EMP03609,38,Female,Sales,Manager,16552,Yes,14,5,4,4,No
EMP03610,27,Female,IT,Developer,11147,No,5,3,4,2,No
EMP03611,42,Female,IT,Manager,9640,No,10,4,3,3,No
EMP03612,34,Male,IT,Developer,6473,No,5,0,3,4,No
EMP03613,27,Male,Sales,Analyst,6115,Yes,10,1,4,3,Yes
EMP03614,36,Male,IT,Developer,8710,Yes,7,4,2,3,No
EMP03615,43,Male,Finance,Specialist,6011,No,9,9,3,3,No
EMP03616,35,Female,HR,Specialist,6398,No,19,1,3,3,No
EMP03617,33,Female,Sales,Executive,4682,Yes,19,0,3,3,Yes
EMP03618,31,Male,IT,Developer,7343,Yes,17,0,2,3,No
EMP03619,42,Female,Finance,Analyst,5639,No,29,3,2,4,No
EMP03620,32,Male,Sales,Manager,13947,No,2,4,2,2,No
EMP03621,40,Male,HR,Executive,7006,No,5,5,3,3,No
EMP03622,45,Female,Sales,Specialist,7591,No,5,6,3,3,No
EMP03623,35,Male,IT,Executive,7132,No,17,1,3,3,No
EMP03624,44,Male,IT,Developer,9673,Yes,8,3,3,2,No
EMP03625,26,Male,IT,Developer,10530,Yes,8,2,3,2,No
EMP03626,38,Male,Sales,Specialist,8687,No,5,10,3,4,No
EMP03627,27,Male,Marketing,Analyst,7197,No,8,0,3,3,No
EMP03628,35,Female,Finance,Executive,5993,No,17,0,3,2,No
EMP03629,43,Male,IT,Developer,11051,No,11,3,3,3,No
EMP03630,34,Female,Marketing,Manager,12615,Yes,18,2,3,2,No
EMP03631,34,Male,Sales,Executive,6988,No,17,6,3,3,No
EMP03632,36,Female,IT,Developer,8484,No,8,1,4,3,No
EMP03633,38,Male,Finance,Analyst,4928,No,13,4,2,4,No
EMP03634,46,Female,HR,Specialist,9036,No,8,3,3,3,No
EMP03635,36,Male,Finance,Analyst,6679,No,18,5,1,4,No
EMP03636,38,Female,IT,Developer,10434,Yes,4,0,4,2,No
EMP03637,28,Male,Marketing,Executive,4927,No,5,0,3,2,No
EMP03638,25,Male,Marketing,Analyst,5811,No,16,4,4,4,No
EMP03639,27,Male,Marketing,Executive,6146,No,6,0,3,2,No
EMP03640,46,Male,HR,Specialist,8303,Yes,5,8,3,3,No
EMP03641,29,Female,Marketing,Analyst,5683,No,9,2,3,4,No
EMP03642,44,Male,IT,Developer,5728,Yes,4,0,3,3,No
EMP03643,33,Female,Marketing,Executive,6868,No,23,2,3,4,No
EMP03644,26,Male,Marketing,Executive,5362,No,26,0,2,4,No
EMP03645,26,Male,Marketing,Executive,4965,No,12,0,4,3,No
EMP03646,25,Female,Finance,Analyst,6327,No,13,0,2,2,No
EMP03647,57,Male,IT,Senior Manager,22364,Yes,12,16,3,3,No
EMP03648,47,Male,Sales,Manager,14535,Yes,12,8,3,3,No
EMP03649,30,Male,Marketing,Analyst,8445,No,11,0,2,3,No
EMP03650,42,Male,Finance,Manager,11714,No,28,13,3,3,No
EMP03651,39,Female,HR,Analyst,7519,No,5,6,2,4,No
EMP03652,26,Female,IT,Developer,9991,No,19,0,3,4,No
EMP03653,28,Female,IT,Developer,11617,No,21,3,3,3,No
EMP03654,37,Female,Marketing,Executive,7201,No,27,3,2,1,No
EMP03655,31,Male,Finance,Manager,10899,No,22,7,3,1,No
EMP03656,26,Male,HR,Analyst,7271,No,9,4,3,4,No
EMP03657,28,Female,HR,Executive,7115,No,14,2,3,2,No
EMP03658,38,Female,Finance,Executive,6370,No,12,1,3,3,No
EMP03659,23,Male,Sales,Executive,7359,No,22,0,3,3,No
EMP03660,40,Female,HR,Manager,10871,No,13,8,3,4,No
EMP03661,36,Male,Marketing,Analyst,8381,No,16,1,1,3,Yes
EMP03662,39,Male,IT,Developer,6735,No,12,3,3,4,No
EMP03663,25,Male,Sales,Analyst,6288,Yes,9,0,4,1,No
EMP03664,41,Male,HR,Specialist,8421,No,5,4,3,2,No
EMP03665,26,Male,HR,Specialist,9718,No,26,3,3,4,No
EMP03666,25,Male,Sales,Analyst,6127,Yes,2,2,2,3,No
EMP03667,37,Male,IT,Analyst,7363,Yes,20,0,3,2,No
EMP03668,29,Female,Marketing,Analyst,4857,No,4,0,2,3,No
EMP03669,36,Male,Sales,Analyst,8624,Yes,4,2,4,4,Yes
EMP03670,24,Female,IT,Developer,10485,No,10,3,3,3,No
EMP03671,42,Male,IT,Manager,13349,No,25,5,4,1,No
EMP03672,35,Male,Sales,Manager,9595,No,7,7,4,3,No
EMP03673,28,Female,HR,Analyst,5815,No,18,0,2,3,No
EMP03674,34,Male,Marketing,Analyst,7918,Yes,15,0,3,2,No
EMP03675,36,Male,Marketing,Executive,4446,No,34,5,2,3,No
EMP03676,49,Female,HR,Manager,10190,No,16,10,2,3,No
EMP03677,33,Male,Finance,Analyst,5783,No,32,2,3,4,Yes
EMP03678,24,Male,Sales,Analyst,6103,Yes,10,1,3,2,Yes
EMP03679,42,Male,Sales,Analyst,7674,Yes,1,1,1,4,No
EMP03680,38,Female,Sales,Analyst,7363,Yes,29,4,3,3,Yes
EMP03681,29,Female,Finance,Analyst,8139,Yes,23,5,3,2,Yes
EMP03682,45,Male,IT,Developer,11845,No,11,9,4,3,No
EMP03683,30,Female,IT,Manager,12872,Yes,8,3,2,3,No
EMP03684,45,Male,Sales,Specialist,9495,No,6,8,4,1,No
EMP03685,41,Male,HR,Analyst,5503,No,8,0,3,4,No
EMP03686,33,Male,Marketing,Executive,6616,No,9,3,3,3,No
EMP03687,36,Female,Sales,Executive,4675,No,8,4,4,3,No
EMP03688,33,Female,Finance,Manager,14242,No,21,7,3,2,No
EMP03689,38,Female,IT,Developer,7026,No,17,5,4,3,No
EMP03690,50,Male,HR,Manager,15351,No,9,11,2,3,No
EMP03691,37,Male,Sales,Analyst,5559,No,42,0,3,4,No
EMP03692,28,Male,Finance,Analyst,5369,No,26,2,4,2,No
EMP03693,30,Male,HR,Analyst,6195,No,14,0,3,1,No
EMP03694,42,Male,IT,Analyst,8326,No,1,11,1,4,No
EMP03695,26,Male,Finance,Executive,4094,No,8,0,3,2,No
EMP03696,40,Male,Sales,Senior Manager,19445,No,27,5,2,2,No
EMP03697,40,Male,Finance,Executive,4375,No,13,3,3,3,No
EMP03698,45,Female,Sales,Specialist,5576,No,16,5,2,3,Yes
EMP03699,37,Male,IT,Developer,11452,Yes,30,5,3,3,Yes
EMP03700,30,Male,IT,Developer,9601,Yes,22,1,3,2,Yes
EMP03701,34,Male,Sales,Analyst,6511,Yes,5,4,4,3,No
EMP03702,24,Female,IT,Developer,12280,No,9,3,3,3,No
EMP03703,38,Female,IT,Developer,10844,Yes,20,3,3,3,No
EMP03704,31,Female,Sales,Specialist,9346,Yes,10,4,3,3,No
EMP03705,41,Male,IT,Developer,9883,No,1,6,3,4,No
EMP03706,36,Male,IT,Developer,6113,No,3,3,3,1,No
EMP03707,35,Female,IT,Specialist,7110,No,21,5,4,4,Yes
EMP03708,26,Female,Finance,Analyst,5900,No,10,3,3,4,No
EMP03709,42,Male,IT,Developer,8750,No,10,4,3,3,No
EMP03710,31,Female,IT,Developer,11147,No,6,0,4,2,No
EMP03711,23,Female,Finance,Analyst,6301,Yes,7,2,3,1,No
EMP03712,26,Male,Marketing,Executive,4288,No,8,0,3,3,Yes
EMP03713,24,Male,Marketing,Analyst,8037,No,3,0,3,2,No
EMP03714,24,Male,Sales,Analyst,8199,No,19,2,3,3,No
EMP03715,39,Male,Finance,Analyst,5406,No,7,4,3,3,No
EMP03716,34,Female,Sales,Analyst,5541,Yes,28,6,4,1,Yes
EMP03717,28,Male,Sales,Analyst,6645,No,18,2,4,4,Yes
EMP03718,30,Male,IT,Analyst,4806,Yes,18,2,3,2,Yes
EMP03719,33,Female,IT,Developer,6014,Yes,50,3,2,3,Yes
EMP03720,35,Female,IT,Specialist,6898,No,6,4,1,3,No
EMP03721,36,Male,IT,Developer,11705,No,4,4,2,4,No
EMP03722,37,Male,HR,Manager,11763,No,13,3,3,3,No
EMP03723,24,Male,Finance,Executive,5430,Yes,19,0,3,3,No
EMP03724,30,Male,Marketing,Executive,6601,Yes,6,4,3,2,No
EMP03725,39,Female,Finance,Analyst,4966,No,9,3,1,2,No
EMP03726,44,Male,Marketing,Specialist,8459,No,8,4,3,3,No
EMP03727,34,Female,IT,Executive,7390,No,16,1,3,2,No
EMP03728,39,Male,IT,Analyst,8560,Yes,17,1,3,2,No
EMP03729,39,Male,IT,Developer,12307,No,27,5,3,4,No
EMP03730,25,Male,IT,Developer,11445,Yes,4,0,2,4,No
EMP03731,31,Male,IT,Specialist,5193,Yes,14,2,2,2,No
EMP03732,29,Male,Marketing,Specialist,6098,No,12,4,3,4,Yes
EMP03733,49,Female,Sales,Manager,14787,Yes,20,14,4,2,No
EMP03734,29,Male,Sales,Executive,7343,Yes,21,0,3,3,Yes
EMP03735,35,Female,HR,Executive,5526,No,9,3,1,3,No
EMP03736,30,Female,HR,Analyst,4812,No,5,3,4,3,No
EMP03737,37,Male,IT,Developer,6604,Yes,35,4,4,2,No
EMP03738,36,Male,IT,Developer,12175,Yes,10,8,4,2,No
EMP03739,41,Male,HR,Manager,11961,Yes,33,9,3,2,Yes
EMP03740,23,Female,IT,Developer,6651,No,30,2,4,3,No
EMP03741,36,Male,HR,Manager,12967,No,9,7,3,2,No
EMP03742,23,Female,IT,Developer,6383,Yes,20,1,3,3,No
EMP03743,22,Female,Marketing,Executive,4632,No,13,0,2,3,No
EMP03744,41,Male,IT,Analyst,8612,No,30,4,3,3,No
EMP03745,29,Female,IT,Specialist,8036,Yes,38,2,2,3,No
EMP03746,30,Female,IT,Developer,8273,Yes,10,0,4,4,No
EMP03747,35,Female,Sales,Executive,7234,Yes,14,1,3,3,No
EMP03748,48,Female,Finance,Manager,13358,No,9,14,4,3,No
EMP03749,37,Male,IT,Developer,11417,No,10,2,3,3,No
EMP03750,44,Female,Sales,Manager,16120,No,22,6,3,3,No
EMP03751,50,Male,Sales,Manager,12785,No,2,5,3,3,No
EMP03752,38,Male,Sales,Executive,7273,No,11,5,3,3,No
EMP03753,30,Male,IT,Developer,11816,No,13,1,3,3,No
EMP03754,33,Female,Finance,Specialist,7124,No,15,4,2,3,No
EMP03755,32,Female,Sales,Executive,7137,No,24,0,3,4,Yes
EMP03756,31,Male,Marketing,Manager,12165,Yes,6,2,2,1,No
EMP03757,26,Male,Finance,Developer,10874,Yes,20,0,1,2,No
EMP03758,25,Male,Sales,Specialist,9249,No,18,0,3,3,No
EMP03759,34,Female,Marketing,Executive,4344,No,10,5,3,3,No
EMP03760,30,Male,Sales,Executive,4478,No,8,1,1,3,Yes
EMP03761,28,Male,HR,Specialist,8038,No,5,0,3,3,No
EMP03762,35,Male,IT,Developer,8636,No,17,2,2,3,No
EMP03763,32,Male,Sales,Executive,6562,No,2,0,3,4,No
EMP03764,31,Male,HR,Analyst,5560,No,12,0,2,4,No
EMP03765,26,Female,Marketing,Executive,5890,Yes,35,1,3,4,Yes
EMP03766,26,Female,Marketing,Executive,7225,No,6,0,2,2,No
EMP03767,37,Female,IT,Developer,6530,No,1,4,3,3,No
EMP03768,33,Female,IT,Developer,11010,Yes,14,0,4,3,No
EMP03769,38,Male,HR,Specialist,9577,No,9,3,3,3,Yes
EMP03770,39,Male,IT,Developer,7312,No,6,5,3,3,No
EMP03771,38,Male,Finance,Executive,5107,Yes,10,1,3,2,No
EMP03772,31,Female,HR,Manager,15667,No,19,0,3,3,No
EMP03773,27,Male,IT,Executive,7458,No,26,0,4,3,No
EMP03774,43,Female,Finance,Specialist,7456,No,16,6,3,4,No
EMP03775,26,Female,Marketing,Executive,4474,No,14,0,2,1,No
EMP03776,26,Male,Sales,Analyst,6502,Yes,18,0,2,3,No
EMP03777,31,Male,HR,Specialist,6331,No,17,5,3,3,No
EMP03778,35,Male,Marketing,Developer,10632,Yes,10,0,3,2,No
EMP03779,31,Male,Finance,Analyst,7760,No,7,1,4,4,No
EMP03780,48,Female,Sales,Manager,14199,No,32,10,3,2,No
EMP03781,37,Male,Finance,Specialist,6387,No,9,1,3,1,No
EMP03782,36,Female,Sales,Analyst,8478,No,12,5,2,3,No
EMP03783,38,Male,Marketing,Executive,6252,Yes,1,0,2,1,Yes
EMP03784,26,Male,Sales,Executive,4810,Yes,15,0,1,4,Yes
EMP03785,53,Male,HR,Senior Manager,16399,No,5,17,3,3,No
EMP03786,44,Female,IT,Developer,10628,Yes,5,8,2,2,No
EMP03787,42,Male,Marketing,Analyst,7410,No,20,5,3,4,No
EMP03788,25,Male,IT,Analyst,5418,Yes,13,0,3,2,No
EMP03789,24,Male,HR,Developer,11101,No,34,0,3,3,Yes
EMP03790,36,Male,Finance,Manager,9313,No,5,1,3,3,No
EMP03791,35,Male,HR,Analyst,8098,No,40,7,3,3,No
EMP03792,27,Male,Sales,Analyst,7416,No,26,0,3,3,No
EMP03793,55,Female,HR,Senior Manager,16533,No,26,17,3,3,No
EMP03794,37,Male,IT,Developer,9818,No,9,1,3,2,No
EMP03795,28,Male,Sales,Analyst,7211,No,5,0,3,1,No
EMP03796,37,Female,Sales,Executive,7486,No,7,2,3,3,No
EMP03797,30,Female,Marketing,Executive,7157,Yes,39,1,3,3,Yes
EMP03798,43,Male,IT,Developer,7364,No,5,4,3,3,No
EMP03799,39,Male,Finance,Analyst,7680,Yes,5,8,2,1,No
EMP03800,54,Male,IT,Manager,14967,No,10,10,2,3,No
EMP03801,37,Female,Marketing,Specialist,6965,No,16,7,3,4,No
EMP03802,46,Male,Finance,Specialist,8163,No,3,6,3,4,No
EMP03803,31,Female,IT,Developer,11793,No,3,0,2,3,No
EMP03804,36,Female,Finance,Analyst,8111,No,9,0,2,1,No
EMP03805,52,Male,Finance,Manager,15182,No,29,16,2,4,No
EMP03806,31,Male,Finance,Manager,12036,No,5,4,2,1,No
EMP03807,28,Male,Sales,Analyst,8333,Yes,35,0,3,3,Yes
EMP03808,32,Female,IT,Specialist,7036,No,12,1,4,3,No
EMP03809,27,Female,Sales,Executive,4035,No,18,0,3,3,Yes
EMP03810,52,Male,Sales,Senior Manager,23258,No,13,17,2,4,No
EMP03811,44,Male,Sales,Developer,9168,No,13,1,3,3,No
EMP03812,59,Male,IT,Senior Manager,17494,No,4,18,3,1,Yes
EMP03813,45,Female,Sales,Manager,11543,No,6,7,3,2,Yes
EMP03814,47,Male,HR,Manager,15755,No,16,8,3,3,No
EMP03815,37,Female,Finance,Analyst,8035,No,9,0,4,3,No
EMP03816,38,Female,Finance,Analyst,5268,No,25,3,4,4,No
EMP03817,42,Female,Marketing,Analyst,7800,Yes,9,4,3,3,No
EMP03818,35,Male,IT,Analyst,7904,Yes,9,0,3,4,No
EMP03819,40,Male,Sales,Analyst,7468,No,7,4,3,3,No
EMP03820,45,Male,IT,Developer,6304,No,15,3,3,4,No
EMP03821,29,Female,IT,Developer,6890,Yes,25,3,3,2,No
EMP03822,55,Male,Marketing,Manager,13161,No,10,16,3,3,No
EMP03823,32,Female,Sales,Specialist,7282,No,10,0,4,3,No
EMP03824,26,Male,IT,Developer,9111,Yes,20,2,4,3,No
EMP03825,44,Male,Sales,Senior Manager,23500,Yes,24,11,4,2,No
EMP03826,33,Male,HR,Analyst,4977,No,11,0,3,3,No
EMP03827,54,Male,Sales,Manager,15941,Yes,17,17,4,3,No
EMP03828,47,Female,Marketing,Manager,16918,No,13,12,4,4,No
EMP03829,40,Male,Marketing,Analyst,5796,No,2,7,4,2,No
EMP03830,30,Male,IT,Developer,11576,Yes,2,0,3,3,No
EMP03831,24,Male,Marketing,Executive,6444,No,10,3,3,4,No
EMP03832,27,Female,Marketing,Executive,6226,No,24,0,2,4,No
EMP03833,52,Female,Sales,Manager,11351,No,22,15,4,3,No
EMP03834,38,Female,IT,Developer,10023,Yes,12,1,3,3,No
EMP03835,40,Male,IT,Specialist,7070,Yes,29,2,3,3,No
EMP03836,32,Male,Sales,Specialist,8492,Yes,2,1,3,3,No
EMP03837,32,Male,HR,Specialist,9741,No,1,8,3,3,No
EMP03838,38,Male,Finance,Senior Manager,19100,No,19,13,1,3,No
EMP03839,44,Male,IT,Manager,16685,No,12,11,1,3,No
EMP03840,42,Female,IT,Specialist,7770,No,16,7,2,2,No
EMP03841,30,Male,Sales,Executive,6190,Yes,14,0,3,2,Yes
EMP03842,42,Male,Finance,Analyst,7296,No,2,6,4,4,No
EMP03843,28,Male,Finance,Specialist,7429,No,3,0,3,4,No
EMP03844,27,Male,Sales,Executive,7388,Yes,34,2,3,2,Yes
EMP03845,37,Female,Marketing,Manager,15204,Yes,50,8,2,3,No
EMP03846,34,Male,Finance,Analyst,7939,No,14,0,3,4,No
EMP03847,41,Male,Sales,Senior Manager,22702,Yes,8,9,3,3,No
EMP03848,40,Female,IT,Executive,5324,Yes,7,2,4,1,Yes
EMP03849,26,Female,IT,Developer,8394,No,10,4,3,3,No
EMP03850,28,Female,Finance,Executive,5475,Yes,27,0,1,3,No
EMP03851,30,Male,IT,Developer,9924,Yes,9,2,3,3,No
EMP03852,35,Female,Finance,Analyst,6310,No,26,3,3,3,Yes
EMP03853,42,Male,Finance,Specialist,7415,No,32,6,2,3,No
EMP03854,27,Male,IT,Developer,11155,No,7,1,3,3,Yes
EMP03855,24,Female,Marketing,Analyst,5750,Yes,27,1,3,3,Yes
EMP03856,40,Male,Sales,Manager,14948,No,11,12,2,3,No
EMP03857,22,Female,Sales,Analyst,5094,No,10,0,4,3,No
EMP03858,41,Male,IT,Manager,15618,Yes,19,9,3,1,No
EMP03859,39,Male,IT,Developer,9139,No,19,4,2,2,Yes
EMP03860,44,Female,Finance,Specialist,6086,No,8,6,2,2,Yes
EMP03861,26,Female,IT,Developer,7016,Yes,18,3,3,2,No
EMP03862,30,Female,IT,Developer,11819,Yes,50,0,3,3,No
EMP03863,54,Female,Sales,Manager,17071,Yes,11,10,4,3,No
EMP03864,34,Female,IT,Developer,7654,No,8,9,3,3,No
EMP03865,23,Female,Sales,Executive,4319,No,4,0,1,2,No
EMP03866,38,Male,Sales,Executive,7066,No,7,2,3,3,No
EMP03867,24,Male,Finance,Analyst,6419,No,6,0,4,3,No
EMP03868,43,Female,HR,Senior Manager,18815,No,23,9,3,2,No
EMP03869,55,Male,Marketing,Senior Manager,18283,No,14,18,2,3,No
EMP03870,37,Male,Finance,Analyst,7271,No,10,4,2,3,No
EMP03871,34,Female,Marketing,Specialist,5336,No,4,0,3,2,Yes
EMP03872,29,Female,IT,Developer,9784,No,4,3,3,2,No
EMP03873,41,Female,Marketing,Analyst,5647,No,13,3,3,3,No
EMP03874,31,Female,IT,Analyst,6761,Yes,6,6,3,3,Yes
EMP03875,38,Female,Finance,Analyst,5136,Yes,14,2,4,4,Yes
EMP03876,33,Female,Marketing,Analyst,5710,No,34,2,3,3,Yes
EMP03877,42,Male,HR,Specialist,6649,No,19,4,3,4,No
EMP03878,26,Female,Sales,Analyst,4877,No,10,1,3,3,No
EMP03879,36,Female,Marketing,Manager,16716,No,20,6,3,3,No
EMP03880,25,Male,Sales,Analyst,4801,No,7,1,1,3,No
EMP03881,26,Male,Sales,Executive,6521,Yes,19,0,3,3,No
EMP03882,23,Male,HR,Executive,4542,No,11,0,3,3,No
EMP03883,31,Female,HR,Analyst,8723,No,7,4,3,3,No
EMP03884,32,Male,Finance,Executive,7774,No,9,5,2,3,No
EMP03885,42,Female,HR,Analyst,8463,No,16,3,3,4,No
EMP03886,45,Female,Sales,Specialist,9948,No,14,6,4,3,No
EMP03887,41,Male,Finance,Analyst,4973,No,9,1,3,4,Yes
EMP03888,34,Female,IT,Developer,8879,No,8,2,3,3,No
EMP03889,26,Female,Sales,Analyst,7336,No,9,0,3,3,No
EMP03890,30,Male,Marketing,Analyst,6122,No,6,2,3,4,No
EMP03891,35,Female,Sales,Executive,5854,No,27,6,4,2,Yes
EMP03892,29,Female,Sales,Executive,5096,No,18,5,3,4,No
EMP03893,41,Female,Sales,Analyst,4832,No,13,5,3,4,No
EMP03894,25,Male,Marketing,Analyst,8308,No,2,0,3,3,No
EMP03895,45,Male,Sales,Manager,12828,Yes,36,9,4,3,No
EMP03896,25,Female,Finance,Analyst,7356,No,8,4,3,2,No
EMP03897,42,Male,Finance,Analyst,6440,Yes,22,7,4,3,Yes
EMP03898,40,Female,Finance,Analyst,8115,No,3,3,3,2,No
EMP03899,44,Male,HR,Specialist,5904,No,6,5,2,4,No
EMP03900,24,Male,HR,Analyst,7854,No,5,0,3,3,No
EMP03901,37,Male,HR,Executive,6758,No,10,3,1,2,No
EMP03902,39,Female,Marketing,Specialist,5540,No,10,6,1,2,No
EMP03903,28,Female,HR,Analyst,7423,No,7,6,4,3,No
EMP03904,40,Female,Sales,Executive,7369,Yes,10,2,2,4,No
EMP03905,39,Female,Marketing,Manager,15063,Yes,8,7,2,3,No
EMP03906,27,Female,Finance,Executive,5677,No,2,0,3,4,No
EMP03907,32,Female,Sales,Analyst,6654,No,11,0,3,2,No
EMP03908,26,Female,Marketing,Analyst,8227,No,6,2,3,3,No
EMP03909,35,Female,Sales,Specialist,8558,No,21,3,2,3,No
EMP03910,49,Female,Finance,Senior Manager,21828,No,2,14,3,3,No
EMP03911,51,Male,IT,Manager,17472,No,6,16,3,1,No
EMP03912,34,Female,Sales,Manager,9769,No,6,6,2,3,No
EMP03913,55,Male,HR,Manager,10596,No,18,14,4,2,No
EMP03914,46,Female,Sales,Manager,10967,Yes,16,7,2,2,Yes
EMP03915,25,Female,IT,Developer,5727,Yes,10,1,3,3,No
EMP03916,28,Male,Sales,Executive,6668,No,8,5,3,3,No
EMP03917,37,Female,Sales,Manager,14883,No,9,6,2,3,No
EMP03918,35,Female,IT,Developer,7450,Yes,5,4,4,3,No
EMP03919,39,Female,Finance,Specialist,7633,No,1,4,2,3,No
EMP03920,35,Female,Sales,Manager,12367,No,19,6,3,3,No
EMP03921,32,Male,Marketing,Analyst,5763,No,27,3,3,4,No
EMP03922,34,Female,HR,Analyst,6695,No,9,0,3,3,No
EMP03923,36,Female,IT,Developer,12338,Yes,16,8,3,3,No
EMP03924,28,Male,Finance,Analyst,7980,No,6,0,3,4,No
EMP03925,36,Female,Finance,Analyst,4728,No,11,1,2,3,Yes
EMP03926,30,Female,Sales,Analyst,4933,No,6,1,4,3,No
EMP03927,28,Male,Finance,Analyst,8053,Yes,11,1,2,3,Yes
EMP03928,34,Female,Sales,Executive,5761,No,1,1,4,4,No
EMP03929,40,Male,Marketing,Specialist,8066,No,2,2,3,3,Yes
EMP03930,44,Female,IT,Developer,10063,No,12,6,2,3,No
EMP03931,25,Female,HR,Specialist,5993,No,2,4,4,2,No
EMP03932,47,Female,Sales,Manager,15634,No,12,11,3,2,No
EMP03933,43,Male,Finance,Specialist,7399,Yes,22,9,3,1,Yes
EMP03934,22,Female,Sales,Executive,4390,No,7,0,2,1,No
EMP03935,43,Male,Sales,Manager,15188,No,17,8,2,3,No
EMP03936,44,Male,IT,Developer,10083,No,4,4,3,3,No
EMP03937,53,Female,Finance,Manager,13245,No,2,10,3,2,No
EMP03938,55,Female,HR,Manager,15319,No,3,13,3,3,No
EMP03939,44,Male,Marketing,Specialist,9356,Yes,17,6,4,2,No
EMP03940,25,Male,Finance,Analyst,4754,No,16,0,2,4,No
EMP03941,31,Male,Marketing,Manager,14384,No,15,1,3,3,No
EMP03942,34,Male,Finance,Analyst,4816,No,6,0,3,3,No
EMP03943,42,Female,HR,Analyst,4912,No,23,5,3,2,No
EMP03944,45,Male,IT,Senior Manager,16762,Yes,4,12,3,2,Yes
EMP03945,30,Female,IT,Developer,9009,Yes,13,0,2,3,No
EMP03946,38,Female,IT,Developer,7418,No,21,7,3,4,No
EMP03947,25,Female,IT,Developer,9940,No,1,0,4,4,No
EMP03948,30,Female,IT,Developer,11362,Yes,5,1,4,2,No
EMP03949,42,Male,IT,Developer,10916,Yes,33,7,2,3,Yes
EMP03950,30,Male,HR,Specialist,5968,Yes,46,2,3,4,No
EMP03951,37,Female,HR,Executive,6724,No,12,3,3,2,No
EMP03952,50,Female,Finance,Senior Manager,18793,No,1,16,4,4,No
EMP03953,32,Female,IT,Developer,10765,No,13,2,3,3,No
EMP03954,39,Male,Marketing,Analyst,7199,No,34,1,3,3,No
EMP03955,44,Male,IT,Developer,6935,Yes,4,5,3,3,No
EMP03956,37,Female,HR,Analyst,7435,No,6,3,3,2,No
EMP03957,29,Female,Sales,Analyst,7987,No,12,6,4,1,No
EMP03958,32,Female,IT,Developer,10582,No,19,0,3,4,No
EMP03959,26,Female,Marketing,Executive,6868,Yes,22,1,3,2,Yes
EMP03960,42,Female,Finance,Analyst,5011,Yes,26,10,3,3,Yes
EMP03961,40,Male,Sales,Executive,4914,No,13,4,3,3,No
EMP03962,29,Male,Finance,Analyst,4968,No,6,0,3,3,Yes
EMP03963,44,Male,Marketing,Developer,8016,No,9,6,3,3,No
EMP03964,34,Male,IT,Developer,11790,No,4,2,2,2,No
EMP03965,37,Male,Finance,Analyst,5302,Yes,9,1,4,2,Yes
EMP03966,32,Male,IT,Developer,7447,Yes,6,1,3,3,No
EMP03967,48,Female,Marketing,Manager,14691,Yes,16,12,3,2,No
EMP03968,42,Male,Marketing,Analyst,7613,No,4,8,4,4,No
EMP03969,55,Male,HR,Manager,16736,No,6,13,3,3,No
EMP03970,22,Male,HR,Analyst,8109,No,4,0,3,3,No
EMP03971,39,Female,Marketing,Executive,6156,Yes,12,0,3,3,No
EMP03972,23,Male,Finance,Analyst,7980,No,13,0,2,2,No
EMP03973,29,Female,Marketing,Analyst,7838,No,6,4,3,4,No
EMP03974,42,Female,Marketing,Analyst,5944,No,2,5,2,3,No
EMP03975,29,Male,HR,Analyst,6540,Yes,15,0,2,3,No
EMP03976,32,Male,Sales,Executive,7170,No,15,0,3,4,No
EMP03977,30,Male,IT,Developer,7857,No,12,0,3,3,No
EMP03978,29,Male,IT,Developer,8149,No,5,4,2,3,No
EMP03979,39,Female,Finance,Analyst,5292,No,10,6,1,4,No
EMP03980,26,Female,Finance,Executive,6836,No,50,0,3,3,Yes
EMP03981,37,Female,Sales,Executive,6454,No,6,3,3,1,No
EMP03982,24,Male,Sales,Analyst,6036,Yes,10,0,3,2,No
EMP03983,30,Female,IT,Developer,11680,Yes,10,0,3,2,No
EMP03984,23,Female,Finance,Analyst,6794,Yes,2,0,2,3,No
EMP03985,36,Female,Sales,Executive,7583,Yes,5,7,4,2,No
EMP03986,46,Female,HR,Senior Manager,20798,No,9,9,3,4,No
EMP03987,34,Female,Finance,Analyst,5877,No,18,3,2,2,Yes
EMP03988,24,Male,IT,Developer,6124,No,26,0,3,3,No
EMP03989,29,Female,IT,Analyst,7133,No,13,1,3,4,No
EMP03990,31,Female,Finance,Executive,5100,No,19,5,2,3,Yes
EMP03991,43,Male,HR,Specialist,9333,No,11,10,4,4,No
EMP03992,35,Female,IT,Developer,9663,No,10,3,2,4,No
EMP03993,41,Male,Finance,Developer,7740,No,16,6,3,2,No
EMP03994,22,Male,Sales,Executive,4965,Yes,11,0,4,3,No
EMP03995,38,Female,Sales,Senior Manager,17793,No,6,7,2,2,No
EMP03996,46,Female,Marketing,Manager,15509,No,14,9,3,2,No
EMP03997,30,Female,Marketing,Specialist,8729,No,26,3,3,4,No
EMP03998,50,Male,IT,Senior Manager,21316,Yes,16,14,4,3,No
EMP03999,51,Female,Sales,Senior Manager,23500,No,23,18,3,3,No
EMP04000,33,Female,IT,Developer,6061,No,9,2,3,3,No
EMP04001,47,Male,Finance,Manager,15729,No,14,9,2,4,No
EMP04002,29,Female,Sales,Executive,6106,No,29,4,3,2,No
EMP04003,37,Male,Finance,Analyst,7459,Yes,8,0,3,2,No
EMP04004,27,Male,IT,Developer,6270,No,1,3,2,3,No
EMP04005,25,Female,HR,Analyst,5286,No,6,2,3,1,No
EMP04006,35,Female,HR,Executive,6498,Yes,8,0,3,3,No
EMP04007,32,Male,IT,Analyst,7489,No,9,3,2,2,No
EMP04008,30,Male,Finance,Developer,6440,Yes,35,7,3,2,No
EMP04009,28,Female,Sales,Executive,5934,Yes,20,2,4,4,No
EMP04010,29,Female,Sales,Specialist,8136,No,16,1,2,3,No
EMP04011,24,Female,IT,Specialist,6670,Yes,8,2,4,3,Yes
EMP04012,37,Male,IT,Analyst,5711,No,9,0,3,3,No
EMP04013,33,Male,HR,Analyst,5112,No,31,2,2,3,No
EMP04014,54,Female,HR,Manager,14307,Yes,21,14,3,3,No
EMP04015,39,Male,Marketing,Specialist,5999,No,12,6,4,3,No
EMP04016,23,Female,Finance,Analyst,7672,No,6,0,1,3,No
EMP04017,25,Male,HR,Analyst,5865,No,18,0,3,3,No
EMP04018,34,Female,Finance,Developer,6235,No,17,0,3,3,No
EMP04019,36,Male,Finance,Manager,14760,No,17,10,1,3,No
EMP04020,48,Male,Sales,Manager,10425,No,1,10,4,4,No
EMP04021,51,Female,Finance,Senior Manager,23500,Yes,4,17,2,3,No
EMP04022,24,Male,Finance,Analyst,6825,Yes,36,2,1,3,Yes
EMP04023,42,Female,Sales,Senior Manager,14605,Yes,6,10,2,1,No
EMP04024,34,Male,HR,Analyst,6581,No,26,3,3,3,No
EMP04025,41,Male,HR,Senior Manager,23500,No,18,15,1,4,No
EMP04026,37,Male,IT,Manager,12306,No,27,4,2,2,No
EMP04027,43,Male,IT,Developer,7564,No,21,2,2,4,No
EMP04028,51,Male,Finance,Manager,13082,No,18,13,3,4,No
EMP04029,29,Male,HR,Executive,6145,No,13,0,4,4,Yes
EMP04030,44,Female,HR,Specialist,8503,No,18,6,3,3,No
EMP04031,37,Female,Finance,Analyst,7189,No,25,2,3,3,No
EMP04032,30,Female,Sales,Executive,6864,No,5,2,4,2,No
EMP04033,36,Female,IT,Developer,6392,No,14,3,2,2,No
EMP04034,44,Female,IT,Developer,6444,No,5,5,3,4,No
EMP04035,43,Male,IT,Developer,6066,No,17,6,3,2,No
EMP04036,22,Male,Marketing,Executive,4846,No,16,0,3,3,No
EMP04037,48,Female,Finance,Senior Manager,20877,No,15,14,3,4,No
EMP04038,37,Male,IT,Analyst,6553,No,20,0,4,3,No
EMP04039,25,Male,Sales,Analyst,7004,No,28,0,2,3,No
EMP04040,40,Male,Sales,Executive,4548,Yes,20,5,3,3,No
EMP04041,30,Male,Sales,Executive,7428,No,28,2,3,1,No
EMP04042,37,Male,HR,Developer,6425,Yes,11,4,3,3,Yes
EMP04043,44,Female,Marketing,Developer,9239,No,12,6,3,4,No
EMP04044,43,Female,Marketing,Specialist,8707,No,47,5,3,3,No
EMP04045,25,Male,Marketing,Analyst,5380,No,25,4,3,2,No
EMP04046,37,Female,Sales,Executive,4631,No,23,2,3,3,Yes
EMP04047,48,Male,Sales,Senior Manager,19230,No,21,10,3,4,Yes
EMP04048,35,Male,IT,Analyst,7683,Yes,17,2,3,3,Yes
EMP04049,34,Male,IT,Developer,12109,No,15,5,2,4,No
EMP04050,39,Male,IT,Developer,5853,Yes,10,5,2,3,Yes
EMP04051,42,Male,Finance,Developer,5822,No,17,7,3,4,No
EMP04052,41,Female,HR,Analyst,5828,No,8,0,1,3,No
EMP04053,40,Male,Finance,Specialist,7031,No,6,9,3,4,No
EMP04054,31,Female,HR,Executive,5752,No,28,1,3,4,No
EMP04055,29,Male,HR,Analyst,6626,No,5,0,2,3,No
EMP04056,32,Female,Finance,Developer,9706,No,28,3,3,3,No
EMP04057,42,Female,Finance,Analyst,7307,No,24,9,3,1,No
EMP04058,23,Female,IT,Analyst,8070,No,19,0,4,4,No
EMP04059,35,Female,Finance,Analyst,5622,No,28,2,4,3,No
EMP04060,23,Male,Sales,Executive,6392,Yes,31,2,2,3,No
EMP04061,40,Female,Finance,Analyst,4867,No,15,3,3,3,No
EMP04062,40,Female,HR,Manager,9895,No,8,9,3,1,No
EMP04063,54,Male,IT,Senior Manager,14637,Yes,14,14,3,2,No
EMP04064,37,Male,IT,Developer,11302,No,18,0,3,3,No
EMP04065,26,Male,Sales,Executive,6642,No,3,0,3,3,No
EMP04066,36,Male,Finance,Developer,7055,No,11,0,3,3,No
EMP04067,24,Male,HR,Executive,5763,Yes,10,2,3,3,Yes
EMP04068,23,Male,Marketing,Executive,4295,Yes,6,0,2,3,No
EMP04069,24,Male,IT,Developer,5832,Yes,10,0,2,3,No
EMP04070,42,Female,IT,Analyst,8916,Yes,18,8,3,2,No
EMP04071,53,Male,Marketing,Manager,15862,No,23,17,3,3,No
EMP04072,33,Female,Marketing,Executive,4983,No,1,2,3,3,No
EMP04073,30,Male,Sales,Executive,5612,No,10,3,3,2,No
EMP04074,34,Female,Finance,Specialist,8088,No,15,5,2,4,No
EMP04075,26,Female,IT,Developer,10853,No,25,0,1,3,No
EMP04076,44,Male,Marketing,Specialist,6933,No,18,5,1,3,No
EMP04077,33,Female,Finance,Analyst,5922,No,3,2,3,4,No
EMP04078,41,Male,Finance,Analyst,6638,Yes,7,2,2,4,Yes
EMP04079,32,Male,Sales,Executive,4709,No,19,0,3,3,No
EMP04080,24,Male,Sales,Executive,5027,Yes,8,3,2,2,Yes
EMP04081,45,Male,Finance,Specialist,8342,No,13,7,3,3,No
EMP04082,24,Male,IT,Developer,9191,No,21,0,2,3,No
EMP04083,60,Male,IT,Senior Manager,14840,No,45,17,3,2,No
EMP04084,39,Male,Marketing,Analyst,4811,No,13,5,3,1,No
EMP04085,54,Female,Finance,Manager,13034,No,18,16,2,3,No
EMP04086,35,Male,IT,Developer,7526,No,25,1,3,2,No
EMP04087,36,Male,IT,Developer,11444,No,14,9,4,3,No
EMP04088,37,Female,HR,Analyst,7672,No,24,0,4,2,Yes
EMP04089,41,Female,IT,Developer,7404,No,28,2,4,3,No
EMP04090,33,Female,HR,Developer,9620,No,3,0,3,1,No
EMP04091,27,Female,Sales,Specialist,7165,Yes,40,0,3,3,Yes
EMP04092,23,Female,Sales,Executive,7266,No,3,0,3,1,No
EMP04093,49,Male,Sales,Senior Manager,19802,Yes,7,13,3,3,No
EMP04094,30,Male,IT,Developer,7100,No,8,0,1,3,No
EMP04095,33,Female,Marketing,Developer,10053,Yes,2,6,2,2,No
EMP04096,24,Male,Sales,Executive,5870,No,23,1,4,2,Yes
EMP04097,24,Male,Finance,Analyst,7060,Yes,7,0,2,3,No
EMP04098,33,Female,Finance,Analyst,8597,No,4,3,3,3,No
EMP04099,37,Female,Marketing,Executive,6836,No,4,4,3,3,No
EMP04100,28,Male,Finance,Analyst,5107,No,50,1,2,3,Yes
EMP04101,35,Male,Sales,Analyst,8355,Yes,5,5,1,3,No
EMP04102,30,Female,IT,Developer,7185,Yes,4,2,3,2,Yes
EMP04103,34,Female,IT,Developer,6268,No,13,0,3,4,No
EMP04104,27,Male,IT,Specialist,9500,No,25,3,3,4,Yes
EMP04105,44,Female,Finance,Senior Manager,14750,No,20,9,3,2,No
EMP04106,35,Female,Sales,Specialist,7491,No,15,3,3,4,Yes
EMP04107,28,Female,IT,Developer,11596,No,34,3,3,3,No
EMP04108,24,Male,IT,Developer,6442,No,14,0,3,4,No
EMP04109,43,Male,IT,Developer,6486,No,15,7,4,3,No
EMP04110,29,Female,Finance,Specialist,5544,No,5,0,3,4,No
EMP04111,26,Female,Finance,Analyst,8314,No,9,0,4,1,No
EMP04112,30,Female,Finance,Developer,12013,No,2,8,3,4,No
EMP04113,41,Female,IT,Developer,8834,Yes,3,7,2,1,No
EMP04114,30,Female,Sales,Executive,5966,No,17,3,3,3,No
EMP04115,38,Female,HR,Analyst,5201,No,4,4,3,3,No
EMP04116,41,Female,IT,Developer,6440,No,10,2,2,3,No
EMP04117,48,Female,Sales,Manager,13751,Yes,6,7,3,3,Yes
EMP04118,33,Female,Finance,Analyst,5425,No,33,5,3,1,No
EMP04119,36,Male,IT,Manager,14525,No,11,4,2,2,No
EMP04120,32,Male,HR,Executive,7313,No,13,0,3,4,Yes
EMP04121,27,Male,IT,Specialist,5241,Yes,5,0,3,2,Yes
EMP04122,35,Male,IT,Developer,8709,No,25,4,2,3,No
EMP04123,36,Female,Finance,Analyst,5014,No,20,3,4,2,No
EMP04124,26,Male,IT,Analyst,5410,Yes,15,0,2,2,Yes
EMP04125,45,Female,Sales,Developer,6878,No,21,4,4,3,No
EMP04126,55,Female,IT,Manager,16118,No,7,16,2,3,No
EMP04127,33,Male,Marketing,Analyst,8133,No,6,8,3,2,No
EMP04128,36,Female,Finance,Analyst,7908,No,7,4,3,3,No
EMP04129,43,Male,IT,Developer,9373,No,12,7,1,3,No
EMP04130,31,Male,Sales,Executive,4223,No,26,0,2,2,No
EMP04131,25,Female,IT,Analyst,4599,No,27,0,2,1,No
EMP04132,46,Female,Marketing,Specialist,9074,No,34,3,3,2,No
EMP04133,27,Male,Marketing,Executive,5375,No,41,5,3,3,No
EMP04134,32,Female,HR,Specialist,8573,Yes,15,3,3,2,No
EMP04135,24,Male,IT,Analyst,6819,No,11,3,3,3,No
EMP04136,26,Male,IT,Developer,6786,Yes,11,0,3,3,No
EMP04137,24,Male,Finance,Analyst,6886,No,1,0,3,3,No
EMP04138,46,Male,IT,Senior Manager,17600,Yes,6,12,4,3,No
EMP04139,34,Female,HR,Executive,4490,Yes,13,1,3,2,No
EMP04140,32,Female,Sales,Manager,13957,No,5,2,3,3,No
EMP04141,31,Male,IT,Developer,7221,Yes,11,3,3,3,No
EMP04142,46,Male,IT,Senior Manager,17220,Yes,33,14,3,2,Yes
EMP04143,41,Male,IT,Analyst,8440,No,10,4,3,3,No
EMP04144,39,Male,IT,Developer,6498,No,7,7,2,4,No
EMP04145,28,Male,HR,Executive,4929,No,9,0,3,2,No
EMP04146,32,Male,IT,Developer,7811,No,3,9,3,3,No
EMP04147,42,Female,IT,Developer,10122,No,29,6,3,2,No
EMP04148,49,Female,IT,Manager,11941,No,15,10,3,2,No
EMP04149,36,Male,Sales,Manager,13047,No,12,1,3,4,No
EMP04150,30,Female,Marketing,Analyst,8859,No,1,7,3,3,No
EMP04151,31,Female,Finance,Analyst,5187,No,17,1,4,3,No
EMP04152,27,Female,Finance,Specialist,9489,No,7,1,4,3,No
EMP04153,23,Male,IT,Developer,5830,Yes,22,0,4,3,Yes
EMP04154,42,Female,Finance,Analyst,5422,No,38,3,2,3,No
EMP04155,35,Female,Finance,Manager,16281,No,34,5,3,3,Yes
EMP04156,33,Male,Marketing,Developer,7963,Yes,8,0,2,3,No
EMP04157,37,Male,Marketing,Analyst,7139,No,11,3,2,3,No
EMP04158,32,Female,IT,Developer,11699,No,13,2,3,4,No
EMP04159,24,Male,Marketing,Executive,5161,No,49,0,4,3,No
EMP04160,53,Male,HR,Manager,13464,No,21,9,2,3,No
EMP04161,31,Male,IT,Developer,11559,No,13,0,4,4,No
EMP04162,37,Male,Marketing,Executive,7771,No,14,5,2,3,No
EMP04163,27,Male,Sales,Specialist,8949,Yes,13,1,4,3,No
EMP04164,46,Female,IT,Specialist,6010,No,10,10,1,2,No
EMP04165,35,Male,IT,Developer,8453,No,23,9,4,4,No
EMP04166,52,Female,Marketing,Manager,12395,Yes,28,9,3,3,No
EMP04167,24,Female,HR,Specialist,7756,No,1,0,3,4,No
EMP04168,30,Male,Sales,Executive,5759,Yes,2,7,3,3,No
EMP04169,23,Female,Sales,Executive,5898,No,13,0,4,4,No
EMP04170,30,Female,Finance,Specialist,5541,Yes,15,0,1,2,Yes
EMP04171,39,Female,Finance,Manager,15238,No,5,7,4,2,No
EMP04172,32,Male,Sales,Manager,12462,Yes,18,3,4,3,No
EMP04173,30,Male,Sales,Analyst,7309,Yes,2,0,3,3,No
EMP04174,30,Female,Sales,Analyst,4690,No,23,0,4,3,No
EMP04175,33,Male,IT,Developer,9989,Yes,18,1,3,3,Yes
EMP04176,39,Male,Sales,Executive,7056,No,3,5,3,3,No
EMP04177,37,Male,Finance,Executive,7021,Yes,38,3,3,3,Yes
EMP04178,34,Female,Finance,Analyst,4748,No,6,1,3,3,Yes
EMP04179,44,Female,IT,Developer,9285,No,3,4,2,4,No
EMP04180,35,Male,Finance,Specialist,5390,No,28,5,2,2,No
EMP04181,35,Male,Sales,Manager,12374,Yes,5,10,3,4,No
EMP04182,49,Male,Marketing,Manager,14665,No,20,19,3,3,No
EMP04183,41,Male,Finance,Analyst,7798,No,7,5,3,3,No
EMP04184,46,Male,Finance,Specialist,7571,No,7,3,4,4,No
EMP04185,43,Male,HR,Senior Manager,19371,Yes,23,17,2,3,No
EMP04186,39,Female,HR,Analyst,4613,No,11,1,3,3,No
EMP04187,30,Female,IT,Executive,6550,No,16,1,3,3,No
EMP04188,24,Male,Finance,Analyst,5587,No,12,0,3,2,Yes
EMP04189,28,Male,HR,Executive,5565,Yes,14,0,3,3,No
EMP04190,40,Male,Sales,Manager,10064,No,12,12,3,4,No
EMP04191,25,Female,Finance,Specialist,6642,Yes,26,0,3,4,No
EMP04192,40,Male,IT,Developer,9402,No,14,8,3,3,No
EMP04193,38,Male,Finance,Analyst,6666,No,5,3,3,3,No
EMP04194,38,Female,Marketing,Executive,6731,No,23,4,3,3,No
EMP04195,28,Male,IT,Analyst,7780,Yes,3,6,3,3,No
EMP04196,27,Female,Sales,Executive,5319,No,14,0,3,3,No
EMP04197,39,Female,Sales,Executive,7299,No,9,2,4,4,No
EMP04198,29,Male,HR,Analyst,7945,No,11,0,4,3,No
EMP04199,30,Male,HR,Executive,6886,No,9,3,3,3,No
EMP04200,32,Female,IT,Executive,6656,Yes,1,3,2,3,No
EMP04201,32,Male,Finance,Specialist,6818,Yes,7,1,3,1,No
EMP04202,31,Female,HR,Specialist,6382,No,2,5,3,4,No
EMP04203,26,Female,Finance,Analyst,5152,No,26,0,1,3,Yes
EMP04204,31,Male,Sales,Executive,5979,No,37,1,2,3,No
EMP04205,40,Male,HR,Analyst,7205,No,4,3,3,3,No
EMP04206,30,Female,HR,Analyst,4911,No,9,1,4,4,No
EMP04207,28,Male,Finance,Analyst,5324,No,49,3,4,3,Yes
EMP04208,54,Male,Finance,Manager,15082,No,20,10,3,4,No
EMP04209,32,Female,IT,Developer,11508,No,25,0,2,2,No
EMP04210,25,Male,HR,Specialist,7110,No,10,0,3,4,No
EMP04211,28,Female,HR,Analyst,8484,No,12,0,3,3,No
EMP04212,36,Female,Finance,Executive,4890,No,25,6,4,3,No
EMP04213,43,Male,IT,Developer,8090,No,8,6,2,3,No
EMP04214,33,Female,HR,Specialist,6082,Yes,21,1,1,3,No
EMP04215,42,Female,Sales,Analyst,8055,No,25,5,4,3,No
EMP04216,55,Male,IT,Manager,14300,Yes,10,17,4,3,No
EMP04217,29,Female,Finance,Specialist,6822,Yes,38,1,3,3,Yes
EMP04218,33,Female,IT,Developer,10393,No,8,0,3,4,No
EMP04219,38,Male,HR,Analyst,8479,No,34,9,2,3,No
EMP04220,40,Female,HR,Analyst,8785,No,23,8,3,1,No
EMP04221,48,Female,Sales,Manager,11986,No,16,13,1,4,No
EMP04222,35,Female,Sales,Executive,4203,No,5,1,3,4,Yes
EMP04223,38,Male,IT,Developer,11772,No,18,7,3,3,No
EMP04224,36,Female,Sales,Executive,7225,No,24,7,4,4,No
EMP04225,33,Female,HR,Analyst,5239,No,9,2,3,2,No
EMP04226,41,Female,IT,Developer,7364,No,28,5,2,3,No
EMP04227,23,Male,Finance,Analyst,7372,No,9,0,2,3,No
EMP04228,37,Female,Finance,Specialist,7762,No,16,1,3,4,No
EMP04229,34,Male,Sales,Executive,7556,Yes,2,5,3,3,No
EMP04230,42,Female,IT,Developer,10042,Yes,9,6,4,4,No
EMP04231,42,Female,Finance,Manager,16143,No,13,12,3,4,No
EMP04232,42,Female,IT,Developer,9395,Yes,9,5,3,2,No
EMP04233,39,Male,IT,Developer,11511,No,6,5,1,2,No
EMP04234,24,Male,Sales,Analyst,8688,No,10,3,3,4,No
EMP04235,47,Female,Marketing,Senior Manager,18169,No,31,10,3,1,No
EMP04236,40,Female,HR,Analyst,7163,Yes,8,5,3,3,No
EMP04237,36,Male,Sales,Manager,11957,Yes,24,8,2,2,No
EMP04238,25,Female,HR,Analyst,6291,No,13,3,3,2,No
EMP04239,31,Male,Marketing,Executive,5278,Yes,6,1,3,2,Yes
EMP04240,39,Male,Sales,Analyst,4562,No,24,0,3,4,Yes
EMP04241,28,Female,IT,Developer,10527,Yes,9,2,3,3,No
EMP04242,42,Female,Sales,Manager,14561,No,10,12,3,2,No
EMP04243,25,Male,Marketing,Analyst,7954,No,50,0,2,3,No
EMP04244,33,Female,Marketing,Manager,9735,No,7,4,2,2,No
EMP04245,25,Female,IT,Developer,8371,Yes,34,0,3,3,Yes
EMP04246,36,Female,HR,Specialist,9614,No,3,3,3,3,No
EMP04247,27,Female,Marketing,Executive,6556,No,11,2,3,4,No
EMP04248,32,Female,Finance,Analyst,4931,Yes,28,7,3,4,No
EMP04249,40,Female,Sales,Executive,7043,Yes,16,3,2,3,No
EMP04250,31,Male,Sales,Executive,4456,Yes,4,1,2,3,Yes
EMP04251,26,Female,IT,Developer,9739,No,20,1,3,3,No
EMP04252,31,Female,HR,Analyst,7550,No,14,0,3,3,No
EMP04253,48,Male,Marketing,Senior Manager,15747,Yes,12,13,4,4,No
EMP04254,29,Male,Finance,Specialist,8991,No,3,0,3,3,No
EMP04255,32,Male,IT,Specialist,8645,No,14,3,2,2,No
EMP04256,22,Female,Finance,Analyst,5144,No,6,0,4,3,No
EMP04257,42,Male,IT,Developer,10576,No,5,0,3,3,No
EMP04258,36,Male,HR,Specialist,6916,Yes,5,2,4,4,No
EMP04259,36,Female,IT,Developer,7978,Yes,26,5,4,2,No
EMP04260,48,Female,HR,Senior Manager,23286,No,10,14,3,1,No
EMP04261,51,Male,Marketing,Senior Manager,17878,No,25,13,3,3,No
EMP04262,22,Male,Finance,Executive,4947,No,11,0,1,2,No
EMP04263,38,Male,IT,Developer,6631,No,6,4,2,4,No
EMP04264,39,Male,IT,Developer,11332,No,11,3,3,2,No
EMP04265,38,Male,Sales,Analyst,5504,No,5,1,1,3,No
EMP04266,40,Female,IT,Developer,8114,No,13,4,4,2,No
EMP04267,24,Female,HR,Analyst,7234,No,24,0,4,3,No
EMP04268,40,Female,Sales,Executive,6692,Yes,12,10,3,3,No
EMP04269,44,Male,HR,Specialist,5916,Yes,7,9,3,4,No
EMP04270,30,Male,IT,Developer,10494,No,5,5,1,3,No
EMP04271,41,Male,Finance,Analyst,5954,No,3,4,3,4,No
EMP04272,37,Male,HR,Analyst,5928,No,19,3,4,3,No
EMP04273,42,Female,IT,Analyst,7983,Yes,34,5,3,3,Yes
EMP04274,37,Male,Finance,Manager,12895,No,17,10,4,3,No
EMP04275,54,Female,Sales,Senior Manager,17504,No,6,17,3,4,No
EMP04276,40,Male,Finance,Analyst,7863,No,8,6,3,2,No
EMP04277,31,Male,Finance,Analyst,4943,No,10,3,3,3,No
EMP04278,29,Male,Marketing,Analyst,4648,Yes,11,0,3,3,No
EMP04279,40,Male,Marketing,Analyst,5111,No,14,3,3,4,No
EMP04280,37,Male,Marketing,Executive,6496,No,29,2,2,3,No
EMP04281,35,Male,Finance,Analyst,6608,No,46,0,3,4,Yes
EMP04282,31,Male,IT,Developer,9040,No,10,5,1,3,No
EMP04283,35,Male,IT,Analyst,5074,No,19,1,2,4,Yes
EMP04284,23,Female,Marketing,Analyst,5748,Yes,10,0,4,2,Yes
EMP04285,50,Male,IT,Senior Manager,20741,No,23,15,2,4,No
EMP04286,31,Female,Sales,Analyst,6177,No,9,2,1,3,No
EMP04287,28,Male,Sales,Developer,12138,No,6,3,3,1,No
EMP04288,28,Female,HR,Analyst,5899,Yes,18,3,3,3,Yes
EMP04289,34,Male,Finance,Analyst,8185,No,23,1,3,4,No
EMP04290,32,Female,IT,Manager,9365,No,3,5,3,3,No
EMP04291,33,Female,Marketing,Analyst,8000,No,7,2,3,3,No
EMP04292,31,Female,Finance,Analyst,8070,No,17,1,2,4,No
EMP04293,40,Male,IT,Developer,10559,Yes,7,2,3,3,No
EMP04294,25,Female,Sales,Executive,4326,Yes,32,0,3,3,Yes
EMP04295,39,Male,Finance,Developer,6237,No,37,3,4,3,No
EMP04296,33,Male,Marketing,Executive,5113,No,20,1,1,4,No
EMP04297,45,Male,IT,Developer,12471,Yes,37,6,2,2,No
EMP04298,32,Female,HR,Manager,14301,No,25,2,3,3,No
EMP04299,36,Male,Finance,Analyst,4561,No,16,1,3,2,No
EMP04300,28,Male,Sales,Analyst,5533,No,3,1,2,2,No
EMP04301,25,Male,Finance,Analyst,6072,Yes,13,3,3,4,No
EMP04302,45,Male,IT,Manager,14959,No,7,7,3,3,No
EMP04303,24,Male,Marketing,Developer,9513,Yes,10,0,4,2,No
EMP04304,31,Female,IT,Analyst,7873,Yes,20,3,4,2,No
EMP04305,47,Male,Finance,Manager,10426,No,47,12,4,3,No
EMP04306,44,Female,Sales,Manager,16543,No,21,11,2,1,No
EMP04307,43,Male,IT,Specialist,8691,No,17,5,3,3,No
EMP04308,34,Female,IT,Manager,14658,No,10,6,3,3,No
EMP04309,26,Female,IT,Developer,11336,No,5,0,2,2,No
EMP04310,29,Female,Sales,Executive,7091,No,32,3,3,3,No
EMP04311,25,Male,Sales,Executive,7167,No,13,0,3,4,No
EMP04312,27,Male,IT,Specialist,7227,Yes,9,3,3,3,Yes
EMP04313,45,Female,Finance,Manager,16916,Yes,8,8,2,2,No
EMP04314,37,Male,Marketing,Analyst,8303,Yes,16,5,3,2,No
EMP04315,39,Male,IT,Developer,9072,No,18,5,3,2,No
EMP04316,38,Male,Sales,Analyst,5071,No,9,7,3,3,No
EMP04317,36,Male,Finance,Specialist,9750,No,10,4,2,4,No
EMP04318,35,Male,IT,Developer,9471,No,27,0,3,3,No
EMP04319,28,Female,Marketing,Analyst,6088,Yes,6,3,3,3,No
EMP04320,33,Male,Marketing,Executive,4709,Yes,14,2,3,3,Yes
EMP04321,26,Female,IT,Developer,8362,No,18,0,4,3,No
EMP04322,45,Male,IT,Developer,7222,No,35,1,3,3,No
EMP04323,30,Male,IT,Developer,9038,No,35,1,3,2,Yes
EMP04324,40,Male,Finance,Senior Manager,15754,No,4,7,3,3,No
EMP04325,24,Female,IT,Developer,11290,Yes,11,0,2,3,No
EMP04326,37,Female,Finance,Analyst,7557,No,9,0,3,3,Yes
EMP04327,28,Female,Finance,Analyst,6849,No,4,5,4,2,No
EMP04328,23,Female,HR,Analyst,6317,Yes,11,1,3,3,No
EMP04329,51,Male,Marketing,Manager,12651,No,34,10,3,2,No
EMP04330,38,Male,Sales,Executive,6916,Yes,25,0,2,2,No
EMP04331,45,Male,Finance,Senior Manager,16146,No,23,14,3,4,No
EMP04332,42,Male,Finance,Analyst,5638,Yes,19,2,2,3,Yes
EMP04333,32,Female,IT,Developer,6395,No,34,2,4,3,No
EMP04334,26,Male,IT,Developer,8536,Yes,13,0,3,3,No
EMP04335,32,Male,IT,Manager,13758,Yes,2,3,3,3,No
EMP04336,38,Male,Finance,Analyst,7360,Yes,12,1,2,2,No
EMP04337,22,Female,Sales,Executive,5138,Yes,5,0,3,3,No
EMP04338,30,Female,Marketing,Manager,12213,Yes,15,5,4,4,No
EMP04339,36,Male,HR,Manager,14692,No,23,5,2,2,No
EMP04340,23,Female,Marketing,Analyst,6805,No,15,1,3,3,No
EMP04341,22,Female,Finance,Analyst,6741,No,11,1,3,3,No
EMP04342,25,Male,Marketing,Analyst,5764,No,12,1,3,4,No
EMP04343,40,Male,IT,Developer,7229,Yes,17,0,3,3,No
EMP04344,41,Female,Marketing,Developer,6895,No,7,11,3,3,No
EMP04345,44,Male,IT,Developer,12427,No,10,6,2,4,No
EMP04346,30,Female,IT,Manager,12302,No,6,4,2,3,No
EMP04347,43,Male,Finance,Specialist,5851,No,28,6,2,3,Yes
EMP04348,43,Male,IT,Developer,11589,No,19,8,4,3,No
EMP04349,27,Female,Marketing,Analyst,6199,No,10,0,3,2,Yes
EMP04350,36,Female,Sales,Executive,6301,No,3,4,4,3,No
EMP04351,37,Male,IT,Developer,6394,Yes,15,0,3,1,Yes
EMP04352,37,Female,IT,Developer,7332,No,10,6,3,2,No
EMP04353,28,Male,HR,Analyst,5311,No,31,3,3,3,No
EMP04354,30,Female,IT,Executive,4099,No,13,0,3,3,No
EMP04355,26,Male,Finance,Analyst,5592,No,12,1,3,3,No
EMP04356,42,Female,HR,Analyst,6203,No,22,3,3,1,No
EMP04357,34,Female,HR,Analyst,6655,No,34,3,3,4,No
EMP04358,26,Male,Sales,Executive,6314,No,33,0,4,3,No
EMP04359,34,Female,Sales,Executive,6746,No,18,0,3,3,No
EMP04360,40,Female,HR,Specialist,6243,No,24,6,3,3,No
EMP04361,29,Male,IT,Developer,6773,No,9,4,4,4,No
EMP04362,29,Male,IT,Specialist,8230,No,10,6,3,3,No
EMP04363,28,Female,HR,Specialist,9271,No,10,0,3,2,No
EMP04364,40,Male,IT,Developer,10276,Yes,1,3,3,3,No
EMP04365,28,Male,HR,Analyst,5551,No,8,4,2,3,No
EMP04366,36,Female,Finance,Analyst,4857,No,42,2,3,3,No
EMP04367,50,Male,Sales,Senior Manager,20604,No,9,11,2,4,No
EMP04368,26,Male,Marketing,Analyst,5321,No,10,1,3,4,No
EMP04369,32,Male,Marketing,Analyst,5158,Yes,14,1,3,2,No
EMP04370,33,Female,Marketing,Executive,6093,No,10,4,3,2,No
EMP04371,26,Male,Marketing,Executive,6375,Yes,21,0,2,3,No
EMP04372,48,Male,Marketing,Senior Manager,21535,No,10,14,2,3,No
EMP04373,32,Male,Sales,Analyst,7710,No,16,7,3,1,No
EMP04374,40,Female,Sales,Executive,4162,Yes,1,2,3,2,Yes
EMP04375,42,Male,IT,Developer,6067,No,12,7,1,3,No
EMP04376,38,Female,Finance,Analyst,7890,No,2,1,3,2,No
EMP04377,34,Male,Sales,Specialist,5589,No,41,8,3,4,No
EMP04378,25,Male,Marketing,Executive,6793,Yes,44,2,4,3,No
EMP04379,28,Female,IT,Developer,5615,Yes,24,0,4,2,Yes
EMP04380,48,Male,IT,Senior Manager,20717,No,6,12,2,4,No
EMP04381,38,Male,IT,Developer,10494,Yes,8,0,3,3,No
EMP04382,55,Male,Finance,Senior Manager,16667,Yes,16,16,3,2,No
EMP04383,27,Female,Marketing,Specialist,8210,No,41,1,3,4,Yes
EMP04384,34,Female,Sales,Developer,8671,Yes,2,6,2,3,No
EMP04385,35,Female,Sales,Manager,11896,Yes,15,2,4,2,No
EMP04386,28,Male,Marketing,Executive,5950,No,25,0,3,2,Yes
EMP04387,33,Male,HR,Analyst,7702,No,10,2,3,3,No
EMP04388,34,Male,HR,Specialist,5106,No,13,1,3,4,No
EMP04389,32,Female,Finance,Analyst,7130,No,31,2,2,3,No
EMP04390,30,Male,Finance,Analyst,5948,Yes,25,3,3,3,Yes
EMP04391,31,Female,Sales,Manager,15962,Yes,24,2,3,2,No
EMP04392,24,Male,IT,Developer,6198,No,6,1,3,4,No
EMP04393,26,Male,Finance,Specialist,6074,Yes,49,2,3,3,No
EMP04394,40,Male,IT,Developer,10773,Yes,40,4,3,2,No
EMP04395,52,Female,IT,Senior Manager,23315,No,23,19,2,3,No
EMP04396,22,Male,Sales,Executive,6439,Yes,4,0,4,3,No
EMP04397,27,Male,Finance,Specialist,5275,Yes,11,6,4,3,Yes
EMP04398,28,Female,Finance,Analyst,8026,No,12,4,3,2,No
EMP04399,26,Male,IT,Developer,8389,Yes,11,0,3,4,Yes
EMP04400,47,Male,IT,Manager,15239,Yes,35,12,3,2,No
EMP04401,23,Male,HR,Executive,5445,Yes,11,0,3,3,Yes
EMP04402,23,Male,Marketing,Developer,11074,No,6,0,3,3,No
EMP04403,34,Male,HR,Specialist,6499,No,1,3,4,3,No
EMP04404,27,Male,Finance,Analyst,6031,Yes,15,0,3,2,No
EMP04405,23,Male,IT,Developer,9008,No,5,0,3,2,No
EMP04406,41,Female,IT,Developer,9312,No,18,4,3,3,No
EMP04407,42,Male,Marketing,Manager,11749,No,10,6,4,4,No
EMP04408,36,Male,Finance,Developer,10798,No,10,6,4,4,No
EMP04409,31,Female,Sales,Executive,6107,No,9,0,3,3,No
EMP04410,27,Female,Marketing,Analyst,8036,Yes,30,1,4,3,No
EMP04411,30,Male,IT,Developer,7881,No,19,3,2,4,No
EMP04412,41,Male,IT,Developer,9479,No,9,4,3,4,No
EMP04413,35,Female,IT,Manager,14537,Yes,26,8,3,4,No
EMP04414,51,Male,Sales,Senior Manager,18839,No,7,16,3,4,No
EMP04415,40,Male,Finance,Developer,6612,No,47,3,3,3,Yes
EMP04416,35,Female,Marketing,Analyst,7094,No,5,0,3,3,No
EMP04417,37,Male,IT,Analyst,4882,Yes,7,2,3,3,No
EMP04418,43,Male,Finance,Manager,12838,Yes,27,8,3,1,Yes
EMP04419,24,Male,Marketing,Developer,5702,No,1,3,3,4,No
EMP04420,34,Male,Marketing,Specialist,5932,No,30,4,4,2,No
EMP04421,34,Male,HR,Analyst,5008,Yes,19,2,3,4,Yes
EMP04422,37,Male,Marketing,Executive,4043,No,17,0,3,2,No
EMP04423,40,Female,HR,Analyst,6035,No,6,3,3,2,Yes
EMP04424,40,Female,Sales,Executive,6284,No,5,0,2,3,No
EMP04425,28,Female,IT,Developer,12081,No,35,1,3,2,No
EMP04426,26,Male,Finance,Executive,6546,Yes,6,1,3,2,No
EMP04427,31,Male,Sales,Analyst,6742,No,6,3,3,2,Yes
EMP04428,35,Female,IT,Developer,7672,No,33,0,3,3,No
EMP04429,43,Male,Finance,Specialist,6709,No,24,2,3,2,No
EMP04430,26,Female,IT,Developer,11106,Yes,43,1,3,4,No
EMP04431,38,Male,Sales,Executive,4162,No,50,2,3,3,No
EMP04432,45,Female,IT,Developer,9176,No,16,4,3,4,No
EMP04433,28,Female,Sales,Executive,4337,No,13,1,4,2,Yes
EMP04434,23,Female,Finance,Analyst,5665,No,10,0,3,4,No
EMP04435,30,Male,Finance,Specialist,8877,No,16,0,3,2,No
EMP04436,35,Female,Sales,Analyst,6722,No,11,4,2,2,No
EMP04437,33,Male,HR,Manager,10181,No,2,1,3,4,No
EMP04438,36,Male,Marketing,Analyst,7195,No,5,0,3,4,No
EMP04439,27,Male,Sales,Executive,6044,Yes,8,0,3,4,No
EMP04440,38,Female,IT,Developer,9559,Yes,19,2,1,1,Yes
EMP04441,39,Male,Sales,Executive,6556,No,33,0,3,3,No
EMP04442,30,Male,Finance,Analyst,4939,No,28,0,4,3,No
EMP04443,27,Male,IT,Developer,7568,No,7,0,3,3,No
EMP04444,40,Male,IT,Manager,15322,Yes,12,7,3,1,No
EMP04445,41,Male,Finance,Analyst,8238,No,13,3,3,2,No
EMP04446,25,Male,HR,Analyst,8112,No,19,2,3,3,No
EMP04447,42,Male,HR,Specialist,6493,No,4,4,2,4,No
EMP04448,26,Female,IT,Specialist,6624,No,35,5,3,4,Yes
EMP04449,39,Female,Sales,Executive,7058,Yes,2,5,4,1,Yes
EMP04450,24,Female,HR,Analyst,6867,No,18,3,3,4,No
EMP04451,33,Male,IT,Specialist,7342,Yes,23,3,3,3,No
EMP04452,43,Male,Sales,Specialist,7745,Yes,22,7,3,1,No
EMP04453,37,Female,IT,Developer,11649,No,4,1,2,2,Yes
EMP04454,34,Male,IT,Developer,7679,No,8,3,3,2,No
EMP04455,23,Female,Finance,Analyst,5696,Yes,34,0,3,2,Yes
EMP04456,39,Male,IT,Manager,12567,No,12,6,2,3,No
EMP04457,37,Male,IT,Developer,7916,No,11,4,3,3,No
EMP04458,39,Male,Finance,Analyst,6981,Yes,33,1,3,3,Yes
EMP04459,41,Male,IT,Senior Manager,21538,No,5,9,3,3,No
EMP04460,35,Male,Marketing,Manager,10683,No,19,7,3,3,No
EMP04461,31,Female,Marketing,Executive,4441,Yes,15,5,3,1,No
EMP04462,48,Female,IT,Manager,10731,No,10,9,3,2,No
EMP04463,27,Male,IT,Developer,6015,No,3,2,3,3,No
EMP04464,26,Male,Sales,Executive,6225,No,12,5,2,3,No
EMP04465,39,Male,Sales,Developer,8048,No,29,8,2,2,No
EMP04466,31,Male,IT,Developer,9491,Yes,4,0,3,3,No
EMP04467,31,Male,Sales,Analyst,7269,No,6,2,1,4,No
EMP04468,46,Male,HR,Manager,9687,No,12,9,3,4,No
EMP04469,39,Female,Sales,Analyst,8179,No,5,3,1,3,No
EMP04470,39,Male,Sales,Analyst,5480,No,12,6,1,1,No
EMP04471,22,Female,Finance,Analyst,6837,No,9,0,3,3,No
EMP04472,42,Male,IT,Developer,10728,No,2,8,3,2,No
EMP04473,39,Female,IT,Developer,9387,No,23,3,3,4,No
EMP04474,33,Male,HR,Specialist,9778,No,8,5,4,3,No
EMP04475,34,Male,Sales,Analyst,6453,Yes,19,3,4,3,No
EMP04476,53,Female,HR,Senior Manager,18784,No,12,15,4,4,No
EMP04477,32,Female,Sales,Executive,4347,Yes,7,2,3,3,No
EMP04478,24,Male,Sales,Executive,6896,No,28,0,3,3,No
EMP04479,34,Male,Marketing,Analyst,5517,No,5,4,3,4,No
EMP04480,35,Female,Sales,Specialist,6925,Yes,33,4,3,3,Yes
EMP04481,24,Male,HR,Specialist,6198,No,25,2,3,3,No
EMP04482,37,Female,IT,Developer,11109,Yes,23,2,3,2,No
EMP04483,45,Male,Sales,Specialist,7205,No,23,4,2,4,No
EMP04484,39,Male,Marketing,Executive,5764,Yes,19,1,3,3,No
EMP04485,40,Male,IT,Developer,6940,No,2,6,2,3,No
EMP04486,43,Female,IT,Developer,9381,Yes,9,4,4,3,No
EMP04487,25,Female,IT,Developer,8946,No,26,0,2,3,Yes
EMP04488,32,Female,Marketing,Executive,6726,Yes,10,3,3,1,No
EMP04489,41,Male,IT,Manager,14252,Yes,16,11,3,3,No
EMP04490,56,Female,Marketing,Senior Manager,15203,Yes,22,15,1,4,No
EMP04491,46,Male,Sales,Specialist,6550,No,10,4,3,3,No
EMP04492,49,Female,Finance,Senior Manager,22717,No,10,19,2,3,No
EMP04493,33,Male,Sales,Executive,4983,No,25,2,2,4,No
EMP04494,29,Female,Sales,Executive,5490,No,6,2,3,2,No
EMP04495,22,Female,Sales,Executive,5540,No,10,1,3,3,No
EMP04496,25,Male,HR,Specialist,5902,Yes,13,1,2,2,No
EMP04497,33,Female,HR,Executive,6474,No,32,4,3,2,No
EMP04498,32,Female,Finance,Developer,7284,No,15,3,3,4,No
EMP04499,44,Female,IT,Developer,11342,Yes,13,4,1,2,No
EMP04500,41,Female,Finance,Developer,7728,No,19,0,3,3,No
EMP04501,39,Female,Marketing,Analyst,7140,No,13,3,3,3,No
EMP04502,49,Female,HR,Manager,15923,No,9,11,4,2,No
EMP04503,29,Male,HR,Analyst,5554,No,12,0,4,4,No
EMP04504,38,Male,Marketing,Executive,6723,No,31,2,3,3,No
EMP04505,25,Male,Marketing,Executive,6376,No,20,1,3,3,No
EMP04506,39,Male,Finance,Developer,10234,Yes,2,1,3,2,No
EMP04507,28,Female,IT,Developer,8451,No,10,3,4,1,No
EMP04508,45,Male,Sales,Specialist,6811,No,33,6,3,3,No
EMP04509,24,Female,HR,Specialist,6051,Yes,3,1,1,2,Yes
EMP04510,36,Male,Finance,Analyst,7379,No,21,4,3,3,No
EMP04511,34,Male,IT,Analyst,4637,No,6,3,3,3,No
EMP04512,43,Female,HR,Specialist,8907,No,9,5,3,4,No
EMP04513,41,Female,IT,Developer,6334,No,25,3,4,3,No
EMP04514,41,Female,Sales,Analyst,7190,No,13,4,1,3,No
EMP04515,23,Female,Marketing,Executive,6431,Yes,10,1,2,3,No
EMP04516,34,Male,Finance,Developer,6396,No,16,6,3,3,No
EMP04517,27,Male,HR,Analyst,4670,Yes,26,0,3,3,Yes
EMP04518,27,Female,HR,Analyst,7423,No,34,0,3,3,No
EMP04519,40,Female,Marketing,Executive,4723,No,17,4,3,3,Yes
EMP04520,30,Male,Marketing,Executive,6301,No,13,1,3,3,No
EMP04521,36,Male,IT,Developer,11421,Yes,13,3,1,1,Yes
EMP04522,34,Male,IT,Developer,7047,Yes,8,2,1,4,No
EMP04523,30,Female,IT,Developer,9266,No,9,7,3,1,No
EMP04524,30,Female,Finance,Analyst,5658,No,6,7,4,3,No
EMP04525,22,Female,Sales,Executive,6772,Yes,29,0,4,3,Yes
EMP04526,35,Male,Sales,Executive,6283,No,12,5,3,4,No
EMP04527,30,Female,IT,Developer,8129,Yes,4,2,3,4,Yes
EMP04528,33,Male,HR,Executive,6450,No,32,0,4,3,No
EMP04529,53,Female,Marketing,Senior Manager,16231,No,43,17,2,3,No
EMP04530,24,Female,IT,Analyst,7929,Yes,11,0,2,2,No
EMP04531,47,Male,Finance,Senior Manager,15599,No,13,19,4,3,No
EMP04532,38,Male,Marketing,Executive,6311,Yes,6,2,2,3,No
EMP04533,38,Male,IT,Specialist,8138,No,3,7,2,2,No
EMP04534,33,Female,IT,Manager,15336,No,22,6,3,3,No
EMP04535,40,Female,Marketing,Executive,6003,Yes,19,1,3,2,No
EMP04536,25,Male,IT,Developer,6916,Yes,18,1,3,2,No
EMP04537,32,Female,Finance,Specialist,8415,Yes,10,2,3,3,No
EMP04538,24,Male,Finance,Analyst,8319,No,4,0,4,3,No
EMP04539,46,Male,Finance,Manager,10759,No,6,12,2,3,No
EMP04540,45,Male,Finance,Manager,12481,No,21,5,2,4,No
EMP04541,34,Male,IT,Developer,10828,No,19,0,3,3,No
EMP04542,33,Female,IT,Developer,7623,No,11,1,2,3,No
EMP04543,31,Female,Sales,Executive,5090,Yes,19,0,3,2,Yes
EMP04544,29,Female,Finance,Analyst,6553,Yes,25,0,3,2,No
EMP04545,39,Female,IT,Developer,9372,No,25,3,3,3,No
EMP04546,38,Female,Finance,Developer,11430,Yes,20,5,3,4,No
EMP04547,26,Male,Marketing,Analyst,5959,No,5,1,1,3,Yes
EMP04548,29,Male,Sales,Executive,7155,No,1,3,3,3,No
EMP04549,40,Male,Sales,Executive,5304,No,30,5,3,3,No
EMP04550,39,Male,IT,Senior Manager,18672,No,16,9,2,1,No
EMP04551,30,Female,Sales,Executive,6148,No,3,0,3,3,No
EMP04552,36,Female,Marketing,Executive,6659,Yes,19,1,4,1,No
EMP04553,34,Female,Finance,Analyst,8316,No,16,1,4,3,No
EMP04554,38,Male,HR,Manager,11746,Yes,15,9,3,2,No
EMP04555,57,Female,IT,Senior Manager,20196,Yes,20,19,3,1,No
EMP04556,35,Female,Finance,Manager,13932,No,3,5,3,3,No
EMP04557,46,Female,Sales,Specialist,8504,No,14,9,3,3,No
EMP04558,33,Male,Marketing,Executive,7610,Yes,1,6,3,2,No
EMP04559,32,Female,Sales,Executive,6857,No,26,2,3,4,No
EMP04560,39,Female,Finance,Executive,6660,No,1,4,1,3,No
EMP04561,46,Female,IT,Specialist,8566,No,13,9,3,4,No
EMP04562,40,Female,IT,Developer,10677,No,15,1,4,4,No
EMP04563,27,Female,HR,Analyst,7096,No,18,2,2,3,No
EMP04564,42,Female,Finance,Analyst,6928,No,22,4,2,2,No
EMP04565,31,Male,Sales,Analyst,7937,No,2,1,4,3,No
EMP04566,53,Female,Finance,Manager,12331,No,3,10,4,3,No
EMP04567,38,Female,Finance,Senior Manager,16787,Yes,21,8,3,3,No
EMP04568,53,Female,IT,Senior Manager,15132,Yes,31,14,3,1,No
EMP04569,51,Female,Sales,Manager,12276,No,12,9,3,3,No
EMP04570,24,Female,HR,Specialist,8122,No,5,3,2,4,No
EMP04571,30,Male,Marketing,Manager,13227,Yes,50,6,3,2,Yes
EMP04572,35,Female,HR,Manager,11071,No,12,6,2,2,No
EMP04573,24,Male,IT,Developer,10069,Yes,18,1,3,2,No
EMP04574,24,Male,Sales,Executive,5735,Yes,12,0,4,4,No
EMP04575,30,Female,IT,Executive,7148,No,11,4,2,4,No
EMP04576,37,Male,Finance,Executive,6911,Yes,16,1,3,1,No
EMP04577,30,Male,IT,Developer,7469,No,15,0,1,3,No
EMP04578,22,Female,Finance,Analyst,4728,No,13,0,2,2,No
EMP04579,36,Female,Sales,Developer,6656,Yes,6,0,4,3,No
EMP04580,44,Male,IT,Developer,11652,Yes,19,5,2,3,No
EMP04581,42,Male,Marketing,Manager,12709,No,15,9,4,3,No
EMP04582,37,Female,Sales,Executive,6612,Yes,7,2,3,1,Yes
EMP04583,37,Female,Marketing,Specialist,6369,No,28,2,2,4,Yes
EMP04584,38,Female,Marketing,Analyst,4774,No,18,3,1,3,No
EMP04585,38,Female,IT,Specialist,8770,No,2,5,2,2,No
EMP04586,38,Male,IT,Specialist,7086,No,15,3,3,4,No
EMP04587,25,Male,Sales,Executive,5061,Yes,19,3,3,4,No
EMP04588,52,Female,Finance,Manager,17500,No,28,14,4,3,No
EMP04589,38,Male,Sales,Analyst,5240,Yes,14,5,1,2,Yes
EMP04590,30,Male,Finance,Specialist,6904,No,9,7,3,2,No
EMP04591,39,Male,Sales,Executive,6702,No,3,0,3,3,No
EMP04592,24,Male,Marketing,Developer,8370,No,6,0,2,3,No
EMP04593,40,Female,Finance,Manager,12460,No,4,12,3,3,No
EMP04594,42,Male,Finance,Specialist,5330,No,1,2,3,3,No
EMP04595,30,Female,Finance,Specialist,8687,No,12,0,4,4,No
EMP04596,38,Female,IT,Developer,11238,No,26,8,4,3,No
EMP04597,24,Male,IT,Developer,12010,Yes,11,2,2,3,Yes
EMP04598,38,Female,IT,Developer,9844,No,18,5,4,4,No
EMP04599,37,Male,Finance,Analyst,8640,Yes,15,3,2,2,Yes
EMP04600,40,Male,IT,Developer,9518,Yes,3,7,2,3,Yes
EMP04601,24,Female,Marketing,Executive,6758,No,1,2,3,3,Yes
EMP04602,30,Male,Marketing,Analyst,5147,No,15,2,4,3,No
EMP04603,35,Male,Sales,Specialist,5763,No,13,3,4,4,No
EMP04604,43,Male,HR,Specialist,6594,No,21,3,3,3,No
EMP04605,40,Male,Finance,Senior Manager,20422,No,20,9,2,3,No
EMP04606,32,Male,IT,Analyst,7111,Yes,15,0,3,3,No
EMP04607,43,Male,Sales,Specialist,8373,No,29,4,3,2,No
EMP04608,33,Female,HR,Executive,6595,Yes,13,0,3,1,Yes
EMP04609,26,Female,Sales,Executive,5482,No,37,1,3,3,No
EMP04610,32,Female,Marketing,Analyst,7189,No,36,0,4,4,No
EMP04611,44,Female,Sales,Manager,16017,No,27,8,2,4,No
EMP04612,39,Male,Sales,Executive,7561,No,5,6,3,4,No
EMP04613,29,Male,Marketing,Specialist,5320,No,7,0,4,4,No
EMP04614,36,Female,Sales,Executive,5559,Yes,7,2,3,2,No
EMP04615,33,Female,Sales,Executive,5811,Yes,11,0,4,2,No
EMP04616,24,Male,Sales,Analyst,5845,No,11,0,2,4,No
EMP04617,40,Male,IT,Developer,8358,Yes,7,4,3,2,No
EMP04618,31,Male,HR,Analyst,7561,Yes,8,5,2,2,No
EMP04619,36,Female,Finance,Analyst,7852,No,18,5,3,2,No
EMP04620,25,Male,Sales,Analyst,8037,No,41,1,4,3,No
EMP04621,25,Male,IT,Developer,7575,No,15,3,2,4,No
EMP04622,45,Male,Sales,Specialist,8230,No,18,4,3,3,No
EMP04623,22,Female,Marketing,Analyst,5744,No,3,0,3,1,No
EMP04624,22,Male,HR,Executive,5123,No,20,0,3,4,No
EMP04625,30,Male,Marketing,Executive,6715,No,17,2,3,4,No
EMP04626,37,Female,Sales,Executive,4876,Yes,11,1,3,2,No
EMP04627,45,Female,IT,Developer,9419,Yes,32,5,3,3,No
EMP04628,33,Male,IT,Developer,8897,Yes,11,1,3,1,No
EMP04629,26,Male,Finance,Analyst,6912,No,15,2,4,3,No
EMP04630,34,Female,IT,Analyst,5818,No,3,0,3,4,No
EMP04631,41,Male,Marketing,Analyst,6353,No,10,0,4,2,No
EMP04632,38,Male,Finance,Executive,4978,No,9,5,3,1,No
EMP04633,46,Male,HR,Specialist,8607,Yes,26,5,3,3,No
EMP04634,38,Female,HR,Analyst,7846,No,7,0,2,2,No
EMP04635,29,Male,Marketing,Executive,7419,No,4,1,4,2,No
EMP04636,29,Male,IT,Developer,9773,Yes,12,0,1,3,No
EMP04637,51,Male,HR,Senior Manager,17122,No,5,17,3,2,No
EMP04638,49,Male,Sales,Manager,15437,No,3,9,4,3,No
EMP04639,42,Male,IT,Developer,7959,Yes,8,5,3,3,No
EMP04640,47,Male,HR,Senior Manager,22173,No,15,13,3,4,No
EMP04641,28,Female,IT,Developer,10730,No,32,2,3,4,No
EMP04642,32,Female,IT,Analyst,5844,Yes,25,5,2,4,No
EMP04643,27,Male,IT,Developer,5892,No,5,0,3,1,No
EMP04644,23,Female,Marketing,Analyst,8273,No,14,1,3,4,No
EMP04645,45,Female,IT,Developer,9545,Yes,24,1,3,3,No
EMP04646,54,Male,IT,Senior Manager,16023,No,26,15,2,2,No
EMP04647,38,Male,Marketing,Executive,7612,No,5,3,3,4,No
EMP04648,24,Male,Sales,Executive,7005,Yes,5,0,3,3,No
EMP04649,46,Female,Marketing,Specialist,8998,No,3,5,3,3,No
EMP04650,30,Male,Finance,Analyst,7193,No,39,3,2,3,No
EMP04651,44,Female,HR,Senior Manager,16285,No,11,9,2,3,No
EMP04652,31,Male,HR,Analyst,7959,No,10,0,3,3,No
EMP04653,41,Female,Finance,Analyst,6717,No,5,1,3,2,No
EMP04654,36,Male,HR,Analyst,7469,Yes,16,4,4,3,Yes
EMP04655,41,Male,Finance,Analyst,7727,No,12,1,3,3,No
EMP04656,45,Male,IT,Specialist,8939,No,6,8,4,2,No
EMP04657,41,Female,Finance,Analyst,5721,No,10,5,3,3,No
EMP04658,22,Male,Marketing,Executive,4921,No,23,0,2,4,Yes
EMP04659,46,Male,HR,Specialist,5509,No,18,6,1,1,No
EMP04660,41,Female,IT,Developer,9827,No,12,5,3,2,No
EMP04661,51,Female,Marketing,Senior Manager,23500,No,13,17,3,4,No
EMP04662,35,Female,Sales,Analyst,7970,No,20,6,3,4,No
EMP04663,38,Female,Sales,Executive,6710,Yes,46,1,3,2,Yes
EMP04664,35,Female,IT,Specialist,7085,No,10,5,4,3,No
EMP04665,35,Female,IT,Developer,6655,No,42,6,3,3,No
EMP04666,32,Female,IT,Developer,7731,No,27,0,3,4,No
EMP04667,37,Female,IT,Developer,10069,No,15,5,3,3,No
EMP04668,40,Female,Sales,Executive,6541,No,15,1,3,3,No
EMP04669,44,Male,IT,Specialist,6343,No,3,2,4,2,No
EMP04670,34,Male,Finance,Specialist,8726,No,23,3,3,3,No
EMP04671,32,Female,Sales,Executive,4186,Yes,4,2,3,1,Yes
EMP04672,32,Female,Sales,Analyst,6054,Yes,5,0,2,2,No
EMP04673,29,Male,IT,Developer,10081,Yes,6,3,4,3,No
EMP04674,35,Female,Marketing,Executive,4126,No,29,3,2,4,No
EMP04675,44,Male,Sales,Manager,16644,No,21,12,2,4,No
EMP04676,39,Female,IT,Developer,6860,No,9,2,3,3,No
EMP04677,37,Male,Marketing,Executive,6707,Yes,25,0,1,4,No
EMP04678,23,Male,HR,Analyst,7106,No,9,0,3,3,No
EMP04679,37,Female,IT,Developer,9409,No,8,2,3,3,No
EMP04680,44,Male,Finance,Manager,9885,No,6,10,3,4,No
EMP04681,38,Male,Sales,Executive,7176,No,12,5,3,3,No
EMP04682,43,Female,Marketing,Manager,15086,No,13,10,1,3,No
EMP04683,23,Male,Finance,Analyst,6139,No,13,0,4,1,Yes
EMP04684,31,Male,HR,Analyst,7524,No,15,4,2,3,No
EMP04685,37,Male,IT,Developer,5983,Yes,8,9,3,3,No
EMP04686,38,Female,Finance,Analyst,7708,No,11,4,3,3,No
EMP04687,43,Male,Marketing,Manager,12846,No,16,5,3,3,No
EMP04688,46,Female,HR,Manager,15078,No,8,15,3,3,No
EMP04689,37,Male,HR,Analyst,5306,No,7,1,3,2,No
EMP04690,45,Female,IT,Developer,10035,No,11,5,1,4,No
EMP04691,44,Male,Sales,Manager,15820,Yes,3,10,3,2,Yes
EMP04692,33,Male,Sales,Executive,5084,Yes,21,1,2,2,No
EMP04693,30,Male,Sales,Executive,5382,No,27,3,3,2,No
EMP04694,27,Female,IT,Developer,8451,Yes,14,4,4,3,No
EMP04695,56,Male,IT,Senior Manager,22024,No,9,18,3,2,No
EMP04696,31,Male,Marketing,Executive,4324,No,18,2,3,2,No
EMP04697,44,Male,IT,Manager,15203,Yes,12,9,3,3,No
EMP04698,28,Female,Finance,Analyst,7937,Yes,50,0,3,2,No
EMP04699,44,Male,IT,Developer,7486,Yes,6,4,1,3,Yes
EMP04700,26,Female,HR,Executive,6352,No,30,1,3,3,No
EMP04701,23,Male,Sales,Executive,6660,No,16,0,3,3,No
EMP04702,39,Male,Marketing,Executive,5027,No,9,1,4,2,Yes
EMP04703,35,Female,Finance,Analyst,8864,Yes,7,7,3,4,No
EMP04704,39,Female,IT,Developer,10647,Yes,18,5,3,3,No
EMP04705,42,Male,IT,Developer,10739,No,29,6,3,3,No
EMP04706,44,Male,Finance,Manager,13401,No,19,13,3,3,No
EMP04707,24,Female,Sales,Executive,6106,Yes,15,0,4,2,No
EMP04708,37,Female,HR,Executive,6007,No,10,0,2,4,No
EMP04709,22,Female,Sales,Analyst,6747,No,9,0,3,3,No
EMP04710,29,Male,Sales,Executive,4979,No,9,2,2,3,Yes
EMP04711,39,Male,IT,Developer,11562,Yes,36,3,3,2,Yes
EMP04712,24,Female,Sales,Executive,4488,No,24,0,3,4,Yes
EMP04713,37,Female,Finance,Developer,8848,No,4,2,4,3,No
EMP04714,41,Male,Marketing,Manager,12822,No,12,5,2,3,No
EMP04715,41,Female,IT,Developer,6104,Yes,13,7,2,3,Yes
EMP04716,39,Male,IT,Developer,9953,Yes,32,1,3,3,Yes
EMP04717,32,Male,Finance,Manager,13070,Yes,5,6,4,4,No
EMP04718,42,Male,Finance,Analyst,8656,Yes,13,3,3,2,No
EMP04719,31,Male,Sales,Manager,12361,Yes,14,1,2,4,No
EMP04720,27,Female,Marketing,Analyst,5851,No,7,3,1,4,No
EMP04721,25,Female,Marketing,Executive,5766,No,8,1,3,2,No
EMP04722,30,Female,Finance,Analyst,5549,No,25,0,2,3,No
EMP04723,29,Female,Finance,Analyst,6839,Yes,25,0,2,3,No
EMP04724,28,Female,Finance,Analyst,6875,No,50,0,3,3,No
EMP04725,42,Male,Marketing,Analyst,4892,No,29,7,3,3,No
EMP04726,42,Male,Sales,Senior Manager,17325,No,6,8,4,3,No
EMP04727,31,Male,IT,Developer,10457,Yes,4,5,3,4,No
EMP04728,25,Male,Sales,Analyst,6566,No,38,4,3,3,Yes
EMP04729,36,Male,IT,Specialist,9426,No,21,6,3,3,No
EMP04730,58,Male,HR,Senior Manager,20404,No,2,14,4,3,No
EMP04731,33,Female,Finance,Analyst,8138,No,11,4,3,3,No
EMP04732,30,Female,HR,Analyst,7612,Yes,8,1,2,1,No
EMP04733,39,Male,Finance,Analyst,7811,No,11,5,3,3,No
EMP04734,56,Male,Marketing,Senior Manager,23500,Yes,11,14,3,4,No
EMP04735,54,Male,HR,Manager,11255,No,30,15,3,3,No
EMP04736,39,Male,Sales,Executive,6959,No,28,4,3,3,Yes
EMP04737,22,Male,IT,Executive,6640,Yes,16,1,3,3,Yes
EMP04738,53,Female,HR,Manager,14912,No,1,14,3,2,No
EMP04739,39,Male,Finance,Developer,11230,No,20,1,3,3,No
EMP04740,37,Male,Marketing,Analyst,6743,No,11,4,3,2,No
EMP04741,52,Male,IT,Senior Manager,20612,No,7,15,3,4,No
EMP04742,31,Male,IT,Developer,7347,Yes,5,3,3,2,No
EMP04743,23,Male,IT,Developer,8767,Yes,11,1,1,2,No
EMP04744,39,Male,Finance,Analyst,4520,No,15,0,2,4,No
EMP04745,37,Female,Sales,Specialist,7335,No,16,5,4,3,No
EMP04746,27,Male,Sales,Executive,7272,No,8,0,1,2,No
EMP04747,32,Female,IT,Developer,10247,No,19,1,2,3,No
EMP04748,23,Male,IT,Developer,10910,No,33,2,3,3,No
EMP04749,44,Female,IT,Manager,11900,No,4,6,1,4,No
EMP04750,33,Male,Marketing,Executive,6236,No,42,2,3,2,No
EMP04751,27,Female,IT,Developer,10517,Yes,1,1,1,2,No
EMP04752,25,Male,HR,Analyst,5865,No,40,0,3,3,Yes
EMP04753,44,Male,Finance,Specialist,7523,No,5,5,3,2,No
EMP04754,41,Female,IT,Developer,9349,No,24,5,3,3,No
EMP04755,43,Female,IT,Developer,5845,No,6,6,3,3,No
EMP04756,22,Male,Finance,Analyst,7804,No,8,1,3,2,No
EMP04757,47,Female,Finance,Senior Manager,19400,No,43,15,3,3,No
EMP04758,29,Male,HR,Specialist,6890,No,6,0,4,2,No
EMP04759,26,Female,Marketing,Executive,7105,No,10,4,3,3,No
EMP04760,25,Male,Marketing,Analyst,5607,No,17,0,4,3,No
EMP04761,42,Female,Sales,Analyst,5050,Yes,2,3,2,2,No
EMP04762,42,Female,HR,Specialist,5872,No,6,5,3,2,No
EMP04763,48,Female,IT,Senior Manager,18904,No,22,11,3,4,No
EMP04764,24,Male,IT,Developer,9017,No,8,3,3,2,No
EMP04765,27,Male,IT,Developer,10514,No,27,2,3,4,No
EMP04766,30,Female,IT,Developer,8011,Yes,15,1,3,2,No
EMP04767,37,Female,IT,Specialist,7553,No,12,6,4,3,No
EMP04768,31,Female,IT,Developer,11726,No,23,1,3,4,No
EMP04769,40,Male,IT,Developer,6993,Yes,3,5,4,1,No
EMP04770,22,Female,Sales,Executive,5859,No,21,1,4,4,No
EMP04771,26,Male,IT,Developer,10988,No,11,4,3,4,No
EMP04772,42,Male,HR,Specialist,5887,No,10,5,1,2,Yes
EMP04773,28,Female,Sales,Analyst,6839,Yes,18,1,1,2,No
EMP04774,36,Female,Sales,Specialist,7524,Yes,46,8,2,2,Yes
EMP04775,27,Male,Marketing,Analyst,6536,No,7,0,3,3,No
EMP04776,45,Female,IT,Manager,10399,Yes,10,4,3,3,No
EMP04777,39,Male,Finance,Analyst,8641,No,8,4,4,3,No
EMP04778,26,Male,Finance,Executive,7197,Yes,3,1,2,2,No
EMP04779,35,Female,Marketing,Executive,4979,No,12,0,4,3,Yes
EMP04780,25,Male,Sales,Executive,5274,No,3,3,3,3,No
EMP04781,32,Female,Sales,Executive,6151,Yes,5,4,3,4,No
EMP04782,32,Female,IT,Developer,9463,Yes,11,6,3,3,Yes
EMP04783,33,Male,HR,Executive,5908,No,16,1,4,3,No
EMP04784,44,Female,HR,Specialist,9528,No,26,8,3,3,No
EMP04785,34,Female,IT,Developer,11562,No,27,6,3,4,Yes
EMP04786,28,Male,Marketing,Executive,4328,No,17,0,3,3,No
EMP04787,40,Female,HR,Analyst,8623,No,18,7,3,3,No
EMP04788,31,Male,Marketing,Specialist,8441,No,2,2,3,3,No
EMP04789,27,Female,IT,Developer,7786,No,6,4,3,4,No
EMP04790,40,Male,IT,Analyst,8681,No,9,4,3,2,No
EMP04791,38,Female,Finance,Analyst,5570,No,24,5,3,4,No
EMP04792,54,Male,HR,Senior Manager,20532,No,18,21,3,4,No
EMP04793,40,Male,HR,Specialist,8333,No,23,4,2,3,No
EMP04794,25,Female,Finance,Analyst,4725,Yes,5,1,2,2,No
EMP04795,23,Male,Finance,Analyst,4627,No,17,0,4,3,No
EMP04796,26,Female,Marketing,Analyst,8723,Yes,15,4,3,3,No
EMP04797,49,Male,Finance,Manager,17070,No,3,9,4,2,No
EMP04798,45,Male,IT,Manager,12780,Yes,20,10,3,3,No
EMP04799,33,Female,IT,Developer,8908,No,8,3,3,3,No
EMP04800,43,Male,IT,Manager,14611,No,32,5,3,3,No
EMP04801,41,Male,IT,Developer,9977,No,2,3,3,3,No
EMP04802,41,Female,IT,Developer,10352,No,43,7,3,3,No
EMP04803,35,Female,HR,Specialist,7429,Yes,4,5,3,3,No
EMP04804,48,Female,IT,Manager,9978,No,12,9,3,4,No
EMP04805,27,Male,IT,Developer,10404,No,4,0,4,4,No
EMP04806,34,Male,Finance,Analyst,6621,No,5,0,2,2,No
EMP04807,25,Male,IT,Developer,6107,Yes,12,0,3,1,Yes
EMP04808,33,Male,Sales,Analyst,7574,No,17,0,4,1,No
EMP04809,25,Male,Sales,Specialist,8192,Yes,6,0,3,3,No
EMP04810,43,Male,Sales,Manager,10456,No,13,13,2,3,No
EMP04811,24,Male,Finance,Specialist,5804,No,37,0,3,3,Yes
EMP04812,23,Female,IT,Developer,8456,No,26,0,4,3,No
EMP04813,49,Female,Finance,Manager,16188,No,7,11,3,3,No
EMP04814,29,Male,IT,Developer,11096,No,21,0,4,2,No
EMP04815,40,Male,Finance,Specialist,7030,No,10,4,3,3,No
EMP04816,37,Male,Sales,Manager,14128,No,13,9,3,3,No
EMP04817,45,Male,Finance,Manager,16996,No,6,12,3,4,No
EMP04818,23,Male,IT,Developer,10608,No,32,2,3,2,No
EMP04819,25,Female,IT,Executive,4373,Yes,18,0,3,3,No
EMP04820,23,Female,HR,Developer,10551,Yes,13,1,3,2,Yes
EMP04821,34,Female,IT,Developer,10570,No,4,0,3,3,No
EMP04822,34,Female,Sales,Specialist,8877,Yes,12,6,3,3,No
EMP04823,28,Male,IT,Developer,9697,No,29,0,3,3,No
EMP04824,53,Female,Sales,Manager,10473,Yes,35,15,4,3,Yes
EMP04825,38,Female,Finance,Analyst,8542,No,10,3,2,3,No
EMP04826,43,Female,IT,Specialist,7286,Yes,15,5,2,1,No
EMP04827,56,Female,Marketing,Senior Manager,22625,No,25,18,2,4,No
EMP04828,31,Female,IT,Developer,6407,No,13,1,3,3,No
EMP04829,35,Female,IT,Developer,7422,No,15,1,3,3,No
EMP04830,24,Male,IT,Developer,10911,No,11,0,3,2,No
EMP04831,23,Male,Sales,Executive,5344,Yes,11,0,1,4,Yes
EMP04832,25,Female,Marketing,Executive,4356,No,5,0,3,2,No
EMP04833,46,Female,HR,Manager,16145,No,37,7,4,3,No
EMP04834,41,Male,IT,Developer,7118,No,13,8,4,3,No
EMP04835,42,Male,Marketing,Manager,13991,Yes,15,7,3,3,Yes
EMP04836,31,Male,HR,Executive,6483,No,11,5,3,4,No
EMP04837,23,Female,IT,Developer,5886,No,15,0,3,3,No
EMP04838,43,Female,IT,Developer,9928,Yes,9,5,3,3,No
EMP04839,37,Male,IT,Analyst,5442,No,14,3,4,3,No
EMP04840,36,Female,Finance,Analyst,5894,No,23,0,1,4,No
EMP04841,30,Female,Sales,Executive,7124,No,12,1,3,4,No
EMP04842,38,Male,Marketing,Executive,4336,No,6,4,3,3,No
EMP04843,41,Female,HR,Analyst,5482,No,9,2,3,1,No
EMP04844,39,Male,Marketing,Analyst,7727,Yes,4,1,2,3,No
EMP04845,24,Female,Sales,Executive,7395,No,16,0,3,4,No
EMP04846,38,Male,Marketing,Analyst,7416,No,3,3,3,3,No
EMP04847,33,Male,Sales,Executive,4204,No,10,3,3,2,No
EMP04848,36,Female,IT,Developer,7528,No,33,0,2,4,Yes
EMP04849,22,Male,Sales,Analyst,5807,Yes,3,0,3,4,No
EMP04850,31,Female,IT,Developer,8578,No,10,0,4,3,No
EMP04851,36,Male,Finance,Analyst,7152,No,4,0,3,3,No
EMP04852,25,Female,Sales,Executive,4631,Yes,26,0,4,3,Yes
EMP04853,27,Female,IT,Developer,10961,No,15,0,2,3,No
EMP04854,36,Female,Marketing,Executive,4811,Yes,8,2,4,3,Yes
EMP04855,31,Male,IT,Developer,8756,Yes,7,2,3,2,No
EMP04856,32,Female,IT,Developer,5610,Yes,19,2,3,3,Yes
EMP04857,34,Female,Marketing,Analyst,7845,No,5,3,3,3,No
EMP04858,35,Male,IT,Analyst,7510,No,9,6,3,3,No
EMP04859,37,Male,Marketing,Analyst,5636,No,11,5,3,1,No
EMP04860,45,Male,IT,Developer,8907,No,17,4,3,3,No
EMP04861,41,Female,Marketing,Analyst,5565,No,3,3,3,4,No
EMP04862,29,Male,Marketing,Executive,4597,No,12,0,2,3,No
EMP04863,36,Female,Finance,Executive,4687,No,8,6,3,4,No
EMP04864,26,Female,Sales,Developer,6365,No,4,3,3,4,No
EMP04865,27,Female,Sales,Analyst,5382,Yes,4,1,3,4,No
EMP04866,26,Male,IT,Developer,9184,Yes,10,1,3,2,Yes
EMP04867,53,Male,Finance,Senior Manager,16174,No,5,14,2,1,No
EMP04868,32,Female,IT,Specialist,9138,Yes,10,6,3,3,No
EMP04869,30,Male,HR,Manager,14361,Yes,46,6,3,3,No
EMP04870,42,Male,IT,Developer,11240,No,18,4,3,4,No
EMP04871,31,Male,Marketing,Analyst,6840,No,7,0,2,4,No
EMP04872,38,Male,Sales,Executive,4473,No,1,2,3,4,No
EMP04873,23,Female,IT,Developer,10250,Yes,9,0,3,4,No
EMP04874,39,Female,Finance,Senior Manager,15817,Yes,7,12,4,3,Yes
EMP04875,38,Female,HR,Senior Manager,20656,No,10,11,3,4,No
EMP04876,44,Female,IT,Developer,9834,No,11,7,3,4,No
EMP04877,38,Female,Finance,Specialist,9054,Yes,28,8,3,2,No
EMP04878,35,Male,IT,Developer,9274,Yes,31,1,2,2,Yes
EMP04879,28,Male,HR,Specialist,7629,No,34,1,2,4,No
EMP04880,38,Male,IT,Developer,7106,No,22,3,3,4,No
EMP04881,37,Female,Sales,Analyst,6856,No,11,2,3,2,Yes
EMP04882,47,Female,Marketing,Senior Manager,14611,No,11,10,3,4,No
EMP04883,23,Male,Finance,Executive,4401,No,1,2,3,3,No
EMP04884,53,Female,Sales,Manager,16244,Yes,50,11,3,3,No
EMP04885,57,Female,Sales,Senior Manager,20584,Yes,16,20,3,4,No
EMP04886,37,Male,HR,Specialist,9217,No,10,5,2,2,No
EMP04887,35,Female,IT,Developer,12220,No,3,4,3,3,No
EMP04888,37,Female,Sales,Executive,5655,Yes,18,7,4,3,No
EMP04889,40,Male,Sales,Executive,5919,No,17,3,3,3,No
EMP04890,30,Male,IT,Developer,8888,No,6,0,3,3,No
EMP04891,28,Female,HR,Analyst,7552,No,28,4,3,3,No
EMP04892,36,Male,IT,Developer,7552,No,10,8,3,3,No
EMP04893,38,Male,IT,Developer,10724,No,20,2,2,3,No
EMP04894,33,Male,Sales,Specialist,5925,No,17,5,4,4,No
EMP04895,23,Male,IT,Analyst,4916,Yes,22,0,2,3,Yes
EMP04896,34,Male,IT,Developer,8463,Yes,27,3,3,2,Yes
EMP04897,24,Female,HR,Analyst,6859,No,17,0,2,3,No
EMP04898,32,Female,Finance,Analyst,7011,Yes,10,1,3,3,No
EMP04899,27,Female,Finance,Analyst,8215,Yes,50,0,4,2,Yes
EMP04900,54,Male,Sales,Senior Manager,23077,No,36,21,3,4,No
EMP04901,35,Female,Finance,Analyst,4662,No,5,3,1,3,Yes
EMP04902,37,Female,HR,Specialist,5315,No,20,6,3,3,No
EMP04903,43,Female,IT,Senior Manager,19716,No,14,14,3,1,No
EMP04904,38,Male,IT,Developer,12427,No,4,10,2,1,No
EMP04905,42,Male,IT,Developer,11901,Yes,12,2,3,2,Yes
EMP04906,30,Male,Sales,Executive,7398,No,32,0,4,4,No
EMP04907,34,Female,Marketing,Executive,5031,No,12,0,1,2,No
EMP04908,23,Male,Marketing,Executive,6479,No,20,0,4,3,No
EMP04909,26,Male,Finance,Executive,6121,Yes,12,0,3,3,Yes
EMP04910,23,Male,Sales,Executive,4842,Yes,18,0,3,1,No
EMP04911,40,Male,HR,Manager,9682,No,11,5,2,2,No
EMP04912,44,Male,IT,Developer,8616,No,15,9,2,4,No
EMP04913,40,Female,IT,Developer,7508,No,11,7,3,1,No
EMP04914,36,Male,HR,Manager,13220,No,36,9,3,3,No
EMP04915,41,Male,Finance,Manager,14604,No,10,5,3,3,No
EMP04916,26,Female,HR,Analyst,5512,Yes,3,0,3,3,Yes
EMP04917,45,Female,IT,Developer,12583,No,4,10,3,4,No
EMP04918,31,Male,IT,Analyst,8378,Yes,29,5,4,1,Yes
EMP04919,49,Female,IT,Manager,15775,No,25,13,3,4,No
EMP04920,30,Female,Sales,Specialist,8639,No,23,1,1,3,No
EMP04921,42,Male,HR,Specialist,5408,No,9,3,4,4,No
EMP04922,33,Male,Marketing,Specialist,6428,Yes,3,2,2,3,No
EMP04923,26,Female,Finance,Analyst,8051,Yes,26,2,2,3,Yes
EMP04924,36,Female,Finance,Analyst,5547,No,13,3,4,3,No
EMP04925,25,Male,Marketing,Analyst,6495,No,12,3,3,4,No
EMP04926,44,Female,Finance,Manager,12060,Yes,20,5,4,3,No
EMP04927,26,Male,Sales,Executive,4816,Yes,27,4,4,4,Yes
EMP04928,26,Male,Finance,Executive,4500,No,6,0,3,4,Yes
EMP04929,36,Male,IT,Analyst,6649,No,18,5,3,4,No
EMP04930,30,Female,IT,Developer,6073,Yes,5,0,2,2,No
EMP04931,40,Male,Sales,Executive,4394,No,29,0,3,4,Yes
EMP04932,22,Male,Finance,Analyst,8136,No,25,0,4,4,No
EMP04933,55,Male,Finance,Manager,12471,Yes,16,17,3,2,Yes
EMP04934,30,Male,IT,Analyst,7750,No,32,1,3,3,No
EMP04935,28,Male,Sales,Analyst,6509,No,7,2,3,3,No
EMP04936,26,Male,Sales,Executive,6130,Yes,14,4,3,3,No
EMP04937,42,Male,IT,Manager,16715,No,37,6,3,2,No
EMP04938,38,Male,HR,Analyst,5972,No,11,4,2,3,No
EMP04939,32,Female,HR,Analyst,7058,No,13,5,2,3,Yes
EMP04940,29,Male,Finance,Analyst,4852,Yes,13,4,3,4,Yes
EMP04941,25,Male,IT,Developer,8545,Yes,10,0,4,2,Yes
EMP04942,39,Male,IT,Developer,7034,No,23,5,3,4,No
EMP04943,37,Female,Finance,Specialist,5215,No,12,1,3,3,No
EMP04944,23,Female,Sales,Executive,6803,No,6,1,3,3,No
EMP04945,25,Male,Finance,Analyst,4863,No,13,0,2,3,No
EMP04946,33,Female,HR,Specialist,6203,Yes,7,8,3,2,No
EMP04947,33,Male,Finance,Analyst,7956,No,11,2,4,3,No
EMP04948,36,Female,IT,Developer,9380,No,26,4,4,2,No
EMP04949,31,Male,Finance,Analyst,5623,Yes,50,2,3,2,Yes
EMP04950,35,Male,Finance,Specialist,7981,No,22,5,2,3,No
EMP04951,34,Male,IT,Specialist,9304,Yes,12,8,2,3,No
EMP04952,32,Male,Sales,Analyst,6803,Yes,15,0,3,2,Yes
EMP04953,43,Male,IT,Developer,10175,No,14,6,3,1,No
EMP04954,43,Female,HR,Developer,7235,No,44,4,3,2,No
EMP04955,41,Female,IT,Manager,12300,Yes,8,13,3,2,No
EMP04956,25,Female,Marketing,Executive,6810,No,14,0,3,3,No
EMP04957,35,Female,Marketing,Specialist,9289,No,28,3,2,3,No
EMP04958,40,Male,Marketing,Executive,6584,No,28,0,3,2,No
EMP04959,42,Female,Finance,Specialist,5846,No,24,7,3,3,No
EMP04960,27,Female,IT,Developer,9727,No,26,0,4,2,Yes
EMP04961,30,Male,Marketing,Specialist,8569,Yes,5,3,3,2,No
EMP04962,26,Male,HR,Analyst,7145,No,8,1,2,4,No
EMP04963,54,Male,Finance,Manager,14504,Yes,14,10,3,3,No
EMP04964,42,Male,Finance,Analyst,7846,Yes,23,4,3,3,Yes
EMP04965,38,Female,Finance,Senior Manager,20580,No,11,7,2,2,No
EMP04966,22,Female,Sales,Executive,6754,No,9,0,4,3,No
EMP04967,22,Male,IT,Analyst,8409,No,16,0,3,3,No
EMP04968,36,Male,IT,Developer,11231,Yes,17,8,3,3,No
EMP04969,29,Male,Sales,Executive,7033,No,28,4,3,1,Yes
EMP04970,24,Female,IT,Developer,8157,No,19,2,4,4,No
EMP04971,23,Female,HR,Analyst,7385,No,15,0,3,2,No
EMP04972,22,Male,Sales,Analyst,5225,No,25,0,3,3,No
EMP04973,29,Male,Sales,Analyst,7932,Yes,7,0,3,1,Yes
EMP04974,37,Female,Marketing,Developer,11204,No,18,1,2,4,No
EMP04975,35,Female,IT,Analyst,6201,No,9,2,2,2,No
EMP04976,24,Female,IT,Developer,11567,Yes,7,1,3,1,No
EMP04977,37,Male,HR,Analyst,5266,No,14,0,4,4,No
EMP04978,55,Male,IT,Senior Manager,21974,Yes,11,17,3,3,No
EMP04979,41,Male,Sales,Analyst,6319,No,7,2,3,4,No
EMP04980,29,Female,Finance,Analyst,8612,Yes,12,5,3,1,No
EMP04981,26,Male,Sales,Executive,4128,No,1,0,3,3,No
EMP04982,45,Male,IT,Developer,11267,Yes,14,7,2,2,No
EMP04983,38,Female,IT,Developer,10741,No,14,4,1,2,No
EMP04984,32,Female,Sales,Executive,4434,Yes,7,2,2,2,No
EMP04985,32,Male,Marketing,Executive,5103,No,3,3,1,2,No
EMP04986,39,Female,IT,Developer,6260,No,9,6,3,3,No
EMP04987,30,Male,Sales,Analyst,7942,No,8,0,3,3,No
EMP04988,25,Male,IT,Developer,7177,Yes,10,0,1,2,Yes
EMP04989,30,Female,Sales,Executive,5040,No,10,2,2,3,Yes
EMP04990,36,Female,IT,Developer,9789,No,27,4,3,2,Yes
EMP04991,32,Female,Finance,Manager,12407,Yes,12,3,2,3,No
EMP04992,23,Female,Finance,Analyst,7534,No,38,0,3,3,No
EMP04993,26,Male,IT,Developer,6818,Yes,22,2,3,1,Yes
EMP04994,22,Female,Finance,Executive,4041,No,11,1,3,2,Yes
EMP04995,60,Female,Sales,Senior Manager,19704,Yes,8,20,3,3,No
EMP04996,30,Male,IT,Developer,10669,No,18,5,4,3,No
EMP04997,33,Female,Sales,Manager,12171,No,31,6,3,4,Yes
EMP04998,42,Female,Finance,Analyst,8631,No,14,4,3,2,No
EMP04999,33,Female,Finance,Analyst,6576,No,7,2,3,4,No
EMP05000,33,Female,Sales,Executive,4431,No,9,4,3,3,No
